{"stats":{"minecraft:killed_by":{"minecraft:magma_cube":1,"minecraft:vindicator":3,"minecraft:zombie":4,"minecraft:husk":1,"minecraft:player":4,"minecraft:iron_golem":1},"minecraft:used":{"minecraft:nether_brick_fence":1,"minecraft:iron_shovel":2038,"minecraft:poppy":1,"minecraft:decorated_pot":13,"minecraft:chest":5,"minecraft:shield":146,"minecraft:iron_sword":432,"minecraft:iron_chestplate":6,"minecraft:carrot":1,"minecraft:tuff":8,"minecraft:glass":25,"minecraft:lava_bucket":4,"minecraft:iron_helmet":3,"minecraft:bow":14,"minecraft:hay_block":3,"minecraft:ominous_bottle":4,"minecraft:furnace":7,"minecraft:oak_sapling":9,"minecraft:potato":332,"minecraft:diorite":2,"minecraft:diamond_boots":2,"minecraft:stone_pickaxe":33,"minecraft:oak_planks":799,"minecraft:ender_pearl":1,"minecraft:blue_bed":13,"minecraft:diamond_axe":702,"minecraft:sugar_cane":38,"minecraft:sand":28,"minecraft:crossbow":16,"minecraft:mace":36,"minecraft:bread":92,"minecraft:lectern":4,"minecraft:iron_door":1,"minecraft:gravel":14,"minecraft:diamond_sword":386,"minecraft:smithing_table":17,"minecraft:andesite":1,"minecraft:oak_boat":2,"minecraft:golden_pickaxe":24,"minecraft:oak_trapdoor":5,"minecraft:oak_fence":243,"minecraft:flint_and_steel":124,"minecraft:redstone":19,"minecraft:netherrack":188,"minecraft:trial_key":9,"minecraft:oak_door":4,"minecraft:torch":73,"minecraft:dirt":2086,"minecraft:anvil":1,"minecraft:white_carpet":2,"minecraft:hopper":5,"minecraft:golden_shovel":32,"minecraft:granite":4,"minecraft:iron_hoe":4,"minecraft:wooden_axe":32,"minecraft:iron_axe":255,"minecraft:oak_stairs":72,"minecraft:iron_boots":2,"minecraft:diamond_chestplate":5,"minecraft:basalt":32,"minecraft:golden_carrot":11,"minecraft:minecart":1,"minecraft:cooked_beef":4,"minecraft:cobbled_deepslate":102,"minecraft:observer":21,"minecraft:iron_leggings":1,"minecraft:water_bucket":20,"minecraft:birch_planks":7,"minecraft:baked_potato":186,"minecraft:stonecutter":6,"minecraft:green_bed":1,"minecraft:cobblestone_slab":2,"minecraft:rail":10,"minecraft:oak_slab":183,"minecraft:crafting_table":11,"minecraft:red_bed":2,"minecraft:magenta_bed":1,"minecraft:white_bed":11,"minecraft:oak_log":141,"minecraft:piston":19,"minecraft:wooden_hoe":34,"minecraft:diamond_pickaxe":1728,"minecraft:diamond_shovel":3363,"minecraft:ominous_trial_key":1,"minecraft:wind_charge":10,"minecraft:oak_button":1,"minecraft:iron_pickaxe":602,"minecraft:golden_leggings":1,"minecraft:stone_axe":58,"minecraft:cobblestone":168,"minecraft:bucket":25,"minecraft:stripped_oak_log":3,"minecraft:diamond_leggings":3},"minecraft:dropped":{"minecraft:soul_sand":4,"minecraft:birch_planks":2,"minecraft:diamond_axe":2,"minecraft:ominous_bottle":2,"minecraft:lapis_lazuli":55,"minecraft:glow_ink_sac":1,"minecraft:baked_potato":83,"minecraft:decorated_pot":2,"minecraft:leather":2,"minecraft:rail":7,"minecraft:music_disc_13":1,"minecraft:dirt":1000,"minecraft:mace":1,"minecraft:cornflower":2,"minecraft:mutton":11,"minecraft:scrape_pottery_sherd":1,"minecraft:gold_nugget":8,"minecraft:iron_pickaxe":5,"minecraft:birch_log":4,"minecraft:white_wool":1,"minecraft:gold_ingot":8,"minecraft:bone":18,"minecraft:oak_door":1,"minecraft:gravel":30,"minecraft:stone_axe":3,"minecraft:blackstone":25,"minecraft:sugar_cane":10,"minecraft:nether_brick":4,"minecraft:rotten_flesh":55,"minecraft:diamond_shovel":2,"minecraft:wind_charge":1,"minecraft:poppy":3,"minecraft:tipped_arrow":10,"minecraft:gunpowder":2,"minecraft:breeze_rod":1,"minecraft:basalt":23,"minecraft:arrow":31,"minecraft:glass":3,"minecraft:beef":1,"minecraft:quartz":4,"minecraft:netherrack":836,"minecraft:lectern":1,"minecraft:iron_ingot":5,"minecraft:water_bucket":1,"minecraft:wheat_seeds":6,"minecraft:mossy_cobblestone":44,"minecraft:diamond_leggings":2,"minecraft:poisonous_potato":3,"minecraft:feather":2,"minecraft:oak_fence":12,"minecraft:cobblestone":33,"minecraft:iron_helmet":1,"minecraft:spectral_arrow":8,"minecraft:apple":2,"minecraft:granite":17,"minecraft:coal":50,"minecraft:stick":16,"minecraft:diorite":51,"minecraft:wooden_hoe":1,"minecraft:torch":3,"minecraft:repeater":1,"minecraft:diamond_helmet":2,"minecraft:potion":1,"minecraft:iron_shovel":2,"minecraft:string":20,"minecraft:tuff_bricks":3,"minecraft:soul_soil":2,"minecraft:oak_trapdoor":1,"minecraft:blaze_rod":1,"minecraft:chicken":1,"minecraft:diamond_sword":3,"minecraft:potato":317,"minecraft:shield":2,"minecraft:trial_key":1,"minecraft:diamond_chestplate":2,"minecraft:diamond_pickaxe":4,"minecraft:iron_chestplate":3,"minecraft:golden_leggings":3,"minecraft:oak_sapling":10,"minecraft:spider_eye":3,"minecraft:diamond_boots":2,"minecraft:bow":2,"minecraft:wooden_pickaxe":1,"minecraft:bell":1,"minecraft:brick":25},"minecraft:mined":{"minecraft:dark_oak_planks":1,"minecraft:white_bed":8,"minecraft:potted_dead_bush":2,"minecraft:granite":95,"minecraft:grass_block":2361,"minecraft:white_concrete":1,"minecraft:soul_soil":1,"minecraft:hopper":2,"minecraft:oak_wall_sign":8,"minecraft:spawner":1,"minecraft:magma_block":3,"minecraft:fire":74,"minecraft:iron_ore":50,"minecraft:cobbled_deepslate":15,"minecraft:oak_sign":1,"minecraft:dirt_path":19,"minecraft:oak_stairs":20,"minecraft:green_bed":1,"minecraft:red_bed":2,"minecraft:blackstone":29,"minecraft:soul_fire":5,"minecraft:torch":11,"minecraft:chest":2,"minecraft:nether_quartz_ore":99,"minecraft:glass":3,"minecraft:cobblestone":66,"minecraft:sugar_cane":24,"minecraft:oak_planks":109,"minecraft:iron_door":1,"minecraft:wall_torch":18,"minecraft:repeater":1,"minecraft:birch_log":7,"minecraft:magenta_bed":1,"minecraft:oak_log":417,"minecraft:sand":28,"minecraft:dirt":3013,"minecraft:stonecutter":5,"minecraft:ancient_debris":5,"minecraft:netherrack":950,"minecraft:piston":2,"minecraft:oak_leaves":57,"minecraft:deepslate":56,"minecraft:nether_gold_ore":12,"minecraft:tuff":6,"minecraft:mossy_cobblestone":26,"minecraft:deepslate_diamond_ore":23,"minecraft:oak_door":2,"minecraft:decorated_pot":21,"minecraft:redstone_wire":1,"minecraft:hay_block":72,"minecraft:redstone_ore":2,"minecraft:oak_trapdoor":2,"minecraft:furnace":4,"minecraft:waxed_copper_grate":2,"minecraft:andesite":1,"minecraft:nether_brick_fence":1,"minecraft:potatoes":302,"minecraft:cobblestone_slab":2,"minecraft:deepslate_iron_ore":13,"minecraft:rail":10,"minecraft:stripped_oak_log":3,"minecraft:stone":573,"minecraft:smithing_table":17,"minecraft:oak_slab":127,"minecraft:soul_sand":6,"minecraft:lily_of_the_valley":2,"minecraft:basalt":54,"minecraft:observer":4,"minecraft:oak_fence":23,"minecraft:crafting_table":7,"minecraft:short_grass":89,"minecraft:lectern":4,"minecraft:copper_ore":23,"minecraft:tall_grass":11,"minecraft:deepslate_gold_ore":35,"minecraft:diorite":53,"minecraft:blue_bed":10,"minecraft:birch_planks":8,"minecraft:waxed_oxidized_copper_grate":1,"minecraft:white_carpet":2,"minecraft:birch_leaves":4,"minecraft:coal_ore":117,"minecraft:gravel":30,"minecraft:cobweb":5,"minecraft:oak_button":1},"minecraft:custom":{"minecraft:interact_with_crafting_table":114,"minecraft:open_barrel":16,"minecraft:leave_game":14,"minecraft:time_since_death":1018,"minecraft:sprint_one_cm":2031631,"minecraft:damage_blocked_by_shield":3750,"minecraft:drop":525,"minecraft:talked_to_villager":45,"minecraft:play_time":631753,"minecraft:deaths":18,"minecraft:jump":8780,"minecraft:interact_with_brewingstand":1,"minecraft:walk_on_water_one_cm":110770,"minecraft:enchant_item":7,"minecraft:interact_with_furnace":57,"minecraft:traded_with_villager":1,"minecraft:sleep_in_bed":16,"minecraft:damage_dealt":52212,"minecraft:player_kills":3,"minecraft:crouch_one_cm":33844,"minecraft:inspect_dispenser":3,"minecraft:interact_with_smithing_table":3,"minecraft:mob_kills":291,"minecraft:interact_with_anvil":12,"minecraft:inspect_hopper":1,"minecraft:climb_one_cm":12876,"minecraft:walk_one_cm":1577478,"minecraft:sneak_time":16083,"minecraft:walk_under_water_one_cm":18898,"minecraft:boat_one_cm":5494,"minecraft:total_world_time":631753,"minecraft:raid_trigger":1,"minecraft:interact_with_grindstone":1,"minecraft:interact_with_stonecutter":1,"minecraft:time_since_rest":1048,"minecraft:damage_taken":18363,"minecraft:swim_one_cm":49863,"minecraft:fly_one_cm":1450912,"minecraft:open_chest":388,"minecraft:fall_one_cm":237741},"minecraft:broken":{"minecraft:iron_shovel":7,"minecraft:iron_boots":2,"minecraft:golden_shovel":1,"minecraft:iron_leggings":2,"minecraft:iron_sword":1,"minecraft:wooden_axe":1,"minecraft:flint_and_steel":1,"minecraft:iron_pickaxe":2,"minecraft:iron_helmet":2,"minecraft:golden_pickaxe":1},"minecraft:crafted":{"minecraft:oak_planks":1572,"minecraft:hopper":3,"minecraft:mace":1,"minecraft:quartz_block":35,"minecraft:glass":26,"minecraft:diamond_helmet":1,"minecraft:diamond_leggings":1,"minecraft:iron_boots":1,"minecraft:chest":6,"minecraft:oak_fence":243,"minecraft:oak_slab":252,"minecraft:crafting_table":4,"minecraft:wooden_pickaxe":1,"minecraft:baked_potato":29,"minecraft:iron_helmet":1,"minecraft:iron_chestplate":1,"minecraft:wooden_hoe":1,"minecraft:diamond_pickaxe":1,"minecraft:stick":272,"minecraft:iron_ingot":35,"minecraft:iron_pickaxe":3,"minecraft:iron_block":3,"minecraft:oak_door":3,"minecraft:furnace":3,"minecraft:piston":17,"minecraft:bone_meal":84,"minecraft:oak_trapdoor":4,"minecraft:iron_axe":1,"minecraft:diamond_boots":1,"minecraft:observer":17,"minecraft:wheat":234,"minecraft:coal_block":7,"minecraft:diamond_sword":2,"minecraft:iron_sword":2,"minecraft:bucket":1,"minecraft:stone_axe":2,"minecraft:enchanted_book":1,"minecraft:bread":78,"minecraft:air":0,"minecraft:oak_stairs":56,"minecraft:wooden_axe":1,"minecraft:iron_shovel":9,"minecraft:iron_leggings":1,"minecraft:anvil":1,"minecraft:white_bed":1,"minecraft:torch":60,"minecraft:diamond_chestplate":1},"minecraft:killed":{"minecraft:witch":1,"minecraft:spider":7,"minecraft:skeleton":127,"minecraft:chicken":2,"minecraft:piglin":1,"minecraft:pig":2,"minecraft:iron_golem":7,"minecraft:creeper":4,"minecraft:sheep":7,"minecraft:pillager":9,"minecraft:zombie":66,"minecraft:stray":25,"minecraft:glow_squid":1,"minecraft:blaze":1,"minecraft:cow":1,"minecraft:vindicator":4,"minecraft:slime":2,"minecraft:phantom":1,"minecraft:horse":4,"minecraft:husk":7,"minecraft:bat":1,"minecraft:ravager":1,"minecraft:breeze":3,"minecraft:enderman":1},"minecraft:picked_up":{"minecraft:iron_chestplate":6,"minecraft:nether_brick_fence":1,"minecraft:smithing_table":16,"minecraft:diamond_sword":11,"minecraft:oak_stairs":20,"minecraft:potion":4,"minecraft:enchanted_book":13,"minecraft:nether_brick":4,"minecraft:raw_copper":150,"minecraft:string":20,"minecraft:soul_soil":2,"minecraft:iron_leggings":4,"minecraft:diamond_leggings":11,"minecraft:gold_nugget":123,"minecraft:cobbled_deepslate":263,"minecraft:bucket":2,"minecraft:trial_key":11,"minecraft:cobblestone_slab":2,"minecraft:iron_pickaxe":11,"minecraft:coal_block":5,"minecraft:iron_boots":2,"minecraft:furnace":4,"minecraft:tipped_arrow":25,"minecraft:stick":86,"minecraft:oak_fence":62,"minecraft:torch":342,"minecraft:green_bed":1,"minecraft:porkchop":11,"minecraft:waxed_copper_grate":2,"minecraft:diorite":59,"minecraft:golden_chestplate":2,"minecraft:rotten_flesh":113,"minecraft:honey_bottle":9,"minecraft:bookshelf":2,"minecraft:blaze_rod":1,"minecraft:cobblestone":889,"minecraft:birch_log":12,"minecraft:magma_block":3,"minecraft:iron_door":1,"minecraft:feather":6,"minecraft:cooked_beef":8,"minecraft:repeater":1,"minecraft:water_bucket":4,"minecraft:andesite":1,"minecraft:golden_leggings":1,"minecraft:potato":959,"minecraft:flint":10,"minecraft:tuff":11,"minecraft:magenta_bed":1,"minecraft:dirt":4361,"minecraft:lapis_lazuli":42,"minecraft:name_tag":1,"minecraft:bone":71,"minecraft:bow":12,"minecraft:stonecutter":5,"minecraft:wheat_seeds":20,"minecraft:raw_gold":47,"minecraft:bell":1,"minecraft:bolt_armor_trim_smithing_template":3,"minecraft:diamond_helmet":11,"minecraft:glowstone_dust":1,"minecraft:oak_planks":165,"minecraft:scrape_pottery_sherd":5,"minecraft:music_disc_13":3,"minecraft:poisonous_potato":3,"minecraft:sand":28,"minecraft:spectral_arrow":8,"minecraft:mossy_cobblestone":48,"minecraft:diamond":48,"minecraft:waxed_oxidized_copper_grate":1,"minecraft:breeze_rod":18,"minecraft:crossbow":4,"minecraft:granite":104,"minecraft:white_concrete":1,"minecraft:emerald":39,"minecraft:bread":56,"minecraft:oak_sapling":29,"minecraft:netherrack":1436,"minecraft:ominous_trial_key":3,"minecraft:diamond_pickaxe":14,"minecraft:crafting_table":7,"minecraft:ominous_bottle":7,"minecraft:chicken":4,"minecraft:golden_pickaxe":1,"minecraft:shield":13,"minecraft:brick":45,"minecraft:wind_charge":12,"minecraft:cornflower":2,"minecraft:oak_trapdoor":2,"minecraft:red_bed":3,"minecraft:iron_axe":7,"minecraft:flint_and_steel":1,"minecraft:white_carpet":2,"minecraft:iron_shovel":24,"minecraft:blackstone":32,"minecraft:beef":1,"minecraft:oak_boat":2,"minecraft:observer":4,"minecraft:poppy":4,"minecraft:minecart":1,"minecraft:lectern":5,"minecraft:guster_pottery_sherd":1,"minecraft:sugar_cane":45,"minecraft:chest":2,"minecraft:piston":2,"minecraft:phantom_membrane":3,"minecraft:raw_iron":87,"minecraft:oak_door":2,"minecraft:flow_pottery_sherd":3,"minecraft:mace":1,"minecraft:carrot":1,"minecraft:redstone":51,"minecraft:dark_oak_planks":2,"minecraft:arrow":297,"minecraft:diamond_chestplate":12,"minecraft:decorated_pot":16,"minecraft:diamond_boots":11,"minecraft:hay_block":75,"minecraft:saddle":4,"minecraft:gold_ingot":4,"minecraft:tuff_bricks":7,"minecraft:mutton":15,"minecraft:bone_block":2,"minecraft:rail":18,"minecraft:white_wool":9,"minecraft:stripped_oak_log":3,"minecraft:basalt":77,"minecraft:golden_carrot":13,"minecraft:glow_ink_sac":4,"minecraft:leather":4,"minecraft:birch_planks":34,"minecraft:oak_log":534,"minecraft:ancient_debris":6,"minecraft:gunpowder":3,"minecraft:blue_bed":11,"minecraft:white_banner":1,"minecraft:apple":2,"minecraft:stone_pickaxe":2,"minecraft:iron_ingot":39,"minecraft:soul_sand":11,"minecraft:iron_sword":4,"minecraft:book":32,"minecraft:scaffolding":14,"minecraft:oak_slab":181,"minecraft:heavy_core":1,"minecraft:quartz":207,"minecraft:gravel":60,"minecraft:white_bed":11,"minecraft:spider_eye":3,"minecraft:diamond_shovel":4,"minecraft:slime_ball":9,"minecraft:stone_axe":1,"minecraft:iron_helmet":4,"minecraft:diamond_axe":7,"minecraft:oak_button":1,"minecraft:baked_potato":344,"minecraft:coal":149,"minecraft:hopper":2,"minecraft:ender_pearl":2}},"DataVersion":3953}