{"stats":{"minecraft:killed_by":{"minecraft:ravager":1,"minecraft:magma_cube":1,"minecraft:vindicator":4,"minecraft:zombie":5,"minecraft:vex":1,"minecraft:husk":1,"minecraft:player":5,"minecraft:iron_golem":1},"minecraft:used":{"minecraft:nether_brick_fence":1,"minecraft:iron_shovel":2038,"minecraft:dispenser":9,"minecraft:poppy":2,"minecraft:decorated_pot":13,"minecraft:chest":15,"minecraft:shield":146,"minecraft:iron_sword":432,"minecraft:iron_chestplate":6,"minecraft:carrot":1,"minecraft:tuff":8,"minecraft:glass":25,"minecraft:lava_bucket":4,"minecraft:grass_block":128,"minecraft:iron_helmet":3,"minecraft:bow":14,"minecraft:hay_block":3,"minecraft:ominous_bottle":4,"minecraft:furnace":13,"minecraft:oak_sapling":9,"minecraft:egg":1,"minecraft:potato":403,"minecraft:diorite":2,"minecraft:diamond_boots":5,"minecraft:stone_pickaxe":33,"minecraft:oak_planks":804,"minecraft:ender_pearl":1,"minecraft:diamond_axe":737,"minecraft:sugar_cane":39,"minecraft:blue_bed":13,"minecraft:sand":28,"minecraft:crossbow":16,"minecraft:lever":2,"minecraft:mace":36,"minecraft:birch_slab":17,"minecraft:bread":92,"minecraft:lectern":4,"minecraft:iron_door":1,"minecraft:gravel":14,"minecraft:diamond_sword":466,"minecraft:smithing_table":17,"minecraft:andesite":1,"minecraft:oak_boat":2,"minecraft:bone_meal":192,"minecraft:golden_pickaxe":24,"minecraft:oak_trapdoor":5,"minecraft:oak_fence":307,"minecraft:flint_and_steel":124,"minecraft:redstone":34,"minecraft:netherrack":188,"minecraft:trial_key":9,"minecraft:oak_door":4,"minecraft:torch":74,"minecraft:dirt":3124,"minecraft:anvil":1,"minecraft:white_carpet":5,"minecraft:hopper":9,"minecraft:diamond_helmet":2,"minecraft:golden_shovel":32,"minecraft:granite":4,"minecraft:oak_fence_gate":3,"minecraft:iron_hoe":87,"minecraft:wooden_axe":32,"minecraft:bookshelf":1,"minecraft:iron_block":17,"minecraft:oak_stairs":73,"minecraft:iron_axe":255,"minecraft:bamboo_hanging_sign":1,"minecraft:iron_boots":2,"minecraft:totem_of_undying":1,"minecraft:diamond_chestplate":7,"minecraft:basalt":32,"minecraft:golden_carrot":11,"minecraft:soul_soil":2,"minecraft:minecart":1,"minecraft:cooked_beef":4,"minecraft:cobbled_deepslate":102,"minecraft:observer":21,"minecraft:pumpkin":3,"minecraft:iron_leggings":1,"minecraft:wheat_seeds":170,"minecraft:water_bucket":42,"minecraft:birch_planks":8,"minecraft:baked_potato":231,"minecraft:green_bed":1,"minecraft:stonecutter":6,"minecraft:cobblestone_slab":2,"minecraft:rail":10,"minecraft:crafting_table":12,"minecraft:oak_slab":183,"minecraft:red_bed":2,"minecraft:magenta_bed":1,"minecraft:white_bed":11,"minecraft:oak_log":141,"minecraft:piston":19,"minecraft:wooden_hoe":36,"minecraft:diamond_pickaxe":1983,"minecraft:diamond_shovel":4413,"minecraft:ominous_trial_key":1,"minecraft:wind_charge":10,"minecraft:oak_button":1,"minecraft:iron_pickaxe":602,"minecraft:golden_leggings":1,"minecraft:stone_axe":58,"minecraft:cobblestone":169,"minecraft:white_banner":8,"minecraft:bucket":49,"minecraft:stripped_oak_log":3,"minecraft:diamond_leggings":4},"minecraft:dropped":{"minecraft:soul_sand":8,"minecraft:birch_planks":2,"minecraft:diamond_axe":2,"minecraft:ominous_bottle":2,"minecraft:lapis_lazuli":55,"minecraft:oak_log":2,"minecraft:glow_ink_sac":1,"minecraft:baked_potato":83,"minecraft:decorated_pot":2,"minecraft:leather":2,"minecraft:rail":7,"minecraft:music_disc_13":1,"minecraft:dirt":1000,"minecraft:mace":1,"minecraft:cornflower":2,"minecraft:mutton":11,"minecraft:scrape_pottery_sherd":1,"minecraft:gold_nugget":8,"minecraft:iron_pickaxe":5,"minecraft:birch_log":4,"minecraft:white_wool":1,"minecraft:gold_ingot":8,"minecraft:bone":20,"minecraft:oak_door":1,"minecraft:gravel":30,"minecraft:stone_axe":3,"minecraft:blackstone":25,"minecraft:sugar_cane":39,"minecraft:nether_brick":4,"minecraft:rotten_flesh":61,"minecraft:oak_planks":14,"minecraft:diamond_shovel":2,"minecraft:wind_charge":1,"minecraft:poppy":317,"minecraft:tipped_arrow":10,"minecraft:gunpowder":2,"minecraft:chainmail_boots":1,"minecraft:breeze_rod":1,"minecraft:basalt":25,"minecraft:arrow":35,"minecraft:glass":3,"minecraft:beef":1,"minecraft:quartz":4,"minecraft:netherrack":1161,"minecraft:lectern":2,"minecraft:iron_ingot":5,"minecraft:water_bucket":1,"minecraft:wheat_seeds":34,"minecraft:mossy_cobblestone":44,"minecraft:minecart":1,"minecraft:diamond_leggings":2,"minecraft:poisonous_potato":4,"minecraft:feather":2,"minecraft:oak_fence":24,"minecraft:cobblestone":37,"minecraft:iron_helmet":1,"minecraft:spectral_arrow":8,"minecraft:apple":2,"minecraft:granite":17,"minecraft:coal":110,"minecraft:stick":21,"minecraft:iron_block":3,"minecraft:diorite":51,"minecraft:ink_sac":7,"minecraft:wooden_hoe":2,"minecraft:torch":3,"minecraft:repeater":1,"minecraft:diamond_helmet":2,"minecraft:potion":1,"minecraft:pumpkin":4,"minecraft:paper":204,"minecraft:iron_shovel":2,"minecraft:string":20,"minecraft:dandelion":6,"minecraft:furnace":4,"minecraft:tuff_bricks":3,"minecraft:soul_soil":2,"minecraft:oak_trapdoor":1,"minecraft:blaze_rod":1,"minecraft:bamboo_hanging_sign":1,"minecraft:chicken":1,"minecraft:diamond_sword":3,"minecraft:cobblestone_slab":1,"minecraft:potato":545,"minecraft:shield":2,"minecraft:trial_key":1,"minecraft:diamond_chestplate":2,"minecraft:diamond_pickaxe":4,"minecraft:iron_chestplate":3,"minecraft:golden_leggings":3,"minecraft:oak_sapling":20,"minecraft:spider_eye":3,"minecraft:diamond_boots":2,"minecraft:bow":2,"minecraft:wooden_pickaxe":1,"minecraft:bell":1,"minecraft:brick":25},"minecraft:mined":{"minecraft:dark_oak_planks":1,"minecraft:white_bed":8,"minecraft:farmland":4,"minecraft:potted_dead_bush":2,"minecraft:granite":95,"minecraft:grass_block":2987,"minecraft:white_concrete":1,"minecraft:soul_soil":3,"minecraft:hopper":2,"minecraft:oak_wall_sign":8,"minecraft:spawner":1,"minecraft:magma_block":3,"minecraft:fire":74,"minecraft:iron_ore":50,"minecraft:cobbled_deepslate":15,"minecraft:pumpkin":2,"minecraft:oak_sign":1,"minecraft:dirt_path":19,"minecraft:oak_stairs":21,"minecraft:iron_block":10,"minecraft:green_bed":1,"minecraft:red_bed":2,"minecraft:blackstone":29,"minecraft:soul_fire":5,"minecraft:torch":11,"minecraft:poppy":2,"minecraft:chest":6,"minecraft:nether_quartz_ore":99,"minecraft:glass":3,"minecraft:cobblestone":67,"minecraft:sugar_cane":24,"minecraft:oak_planks":114,"minecraft:iron_door":1,"minecraft:wall_torch":18,"minecraft:repeater":1,"minecraft:birch_log":7,"minecraft:wheat":59,"minecraft:magenta_bed":1,"minecraft:oak_log":430,"minecraft:oak_fence_gate":1,"minecraft:sand":28,"minecraft:dirt":3473,"minecraft:dispenser":5,"minecraft:stonecutter":5,"minecraft:ancient_debris":5,"minecraft:netherrack":1145,"minecraft:piston":2,"minecraft:oak_leaves":61,"minecraft:deepslate":56,"minecraft:nether_gold_ore":12,"minecraft:tuff":6,"minecraft:mossy_cobblestone":26,"minecraft:deepslate_diamond_ore":23,"minecraft:oak_door":2,"minecraft:lever":1,"minecraft:decorated_pot":21,"minecraft:redstone_wire":9,"minecraft:hay_block":72,"minecraft:redstone_ore":2,"minecraft:oak_trapdoor":2,"minecraft:furnace":9,"minecraft:waxed_copper_grate":2,"minecraft:andesite":1,"minecraft:nether_brick_fence":1,"minecraft:potatoes":411,"minecraft:cobblestone_slab":3,"minecraft:deepslate_iron_ore":13,"minecraft:rail":10,"minecraft:stripped_oak_log":3,"minecraft:stone":580,"minecraft:smithing_table":17,"minecraft:oak_slab":127,"minecraft:soul_sand":10,"minecraft:lily_of_the_valley":2,"minecraft:basalt":54,"minecraft:observer":4,"minecraft:dandelion":6,"minecraft:oak_fence":30,"minecraft:crafting_table":7,"minecraft:short_grass":130,"minecraft:lectern":5,"minecraft:copper_ore":23,"minecraft:tall_grass":22,"minecraft:deepslate_gold_ore":35,"minecraft:diorite":53,"minecraft:blue_bed":10,"minecraft:birch_planks":9,"minecraft:waxed_oxidized_copper_grate":1,"minecraft:white_carpet":2,"minecraft:birch_leaves":4,"minecraft:white_wall_banner":2,"minecraft:coal_ore":143,"minecraft:gravel":30,"minecraft:cobweb":5,"minecraft:oak_button":1},"minecraft:broken":{"minecraft:iron_shovel":7,"minecraft:iron_boots":2,"minecraft:golden_shovel":1,"minecraft:iron_leggings":2,"minecraft:iron_sword":1,"minecraft:wooden_axe":1,"minecraft:flint_and_steel":1,"minecraft:iron_pickaxe":2,"minecraft:iron_helmet":2,"minecraft:golden_pickaxe":1},"minecraft:custom":{"minecraft:animals_bred":1,"minecraft:interact_with_crafting_table":134,"minecraft:open_barrel":16,"minecraft:leave_game":18,"minecraft:time_since_death":93157,"minecraft:sprint_one_cm":2605263,"minecraft:damage_blocked_by_shield":3750,"minecraft:drop":875,"minecraft:talked_to_villager":58,"minecraft:play_time":758557,"minecraft:deaths":23,"minecraft:jump":10530,"minecraft:interact_with_brewingstand":2,"minecraft:walk_on_water_one_cm":131673,"minecraft:enchant_item":7,"minecraft:interact_with_furnace":67,"minecraft:traded_with_villager":40,"minecraft:sleep_in_bed":21,"minecraft:damage_dealt":57617,"minecraft:player_kills":3,"minecraft:crouch_one_cm":71701,"minecraft:inspect_dispenser":24,"minecraft:horse_one_cm":148108,"minecraft:interact_with_smithing_table":7,"minecraft:mob_kills":310,"minecraft:interact_with_anvil":16,"minecraft:inspect_hopper":5,"minecraft:climb_one_cm":12876,"minecraft:walk_one_cm":1845792,"minecraft:raid_win":1,"minecraft:sneak_time":24338,"minecraft:walk_under_water_one_cm":24031,"minecraft:boat_one_cm":5494,"minecraft:total_world_time":758557,"minecraft:raid_trigger":1,"minecraft:interact_with_grindstone":1,"minecraft:interact_with_stonecutter":2,"minecraft:time_since_rest":19365,"minecraft:damage_taken":21378,"minecraft:damage_absorbed":65,"minecraft:swim_one_cm":64738,"minecraft:fly_one_cm":1816725,"minecraft:open_chest":502,"minecraft:fall_one_cm":272332},"minecraft:crafted":{"minecraft:oak_planks":1776,"minecraft:lever":1,"minecraft:mace":1,"minecraft:quartz_block":35,"minecraft:glass":26,"minecraft:hopper":8,"minecraft:diamond_helmet":1,"minecraft:diamond_leggings":1,"minecraft:iron_boots":1,"minecraft:chest":17,"minecraft:oak_fence":309,"minecraft:oak_slab":252,"minecraft:emerald":39,"minecraft:crafting_table":5,"minecraft:wooden_pickaxe":1,"minecraft:baked_potato":78,"minecraft:iron_helmet":1,"minecraft:dispenser":6,"minecraft:iron_chestplate":1,"minecraft:wooden_hoe":2,"minecraft:paper":828,"minecraft:diamond_pickaxe":1,"minecraft:stick":276,"minecraft:iron_ingot":116,"minecraft:iron_pickaxe":3,"minecraft:iron_block":17,"minecraft:oak_door":3,"minecraft:iron_nugget":9,"minecraft:furnace":8,"minecraft:piston":17,"minecraft:bone_meal":84,"minecraft:white_carpet":3,"minecraft:oak_trapdoor":4,"minecraft:iron_axe":1,"minecraft:iron_hoe":1,"minecraft:diamond_boots":1,"minecraft:observer":17,"minecraft:wheat":234,"minecraft:coal_block":7,"minecraft:diamond_sword":2,"minecraft:iron_sword":2,"minecraft:bucket":3,"minecraft:stone_axe":2,"minecraft:enchanted_book":1,"minecraft:bread":78,"minecraft:air":0,"minecraft:oak_fence_gate":2,"minecraft:oak_stairs":56,"minecraft:wooden_axe":1,"minecraft:iron_shovel":9,"minecraft:iron_leggings":1,"minecraft:anvil":1,"minecraft:white_bed":1,"minecraft:torch":60,"minecraft:diamond_chestplate":2},"minecraft:killed":{"minecraft:witch":1,"minecraft:spider":7,"minecraft:skeleton":131,"minecraft:chicken":2,"minecraft:piglin":1,"minecraft:pig":2,"minecraft:iron_golem":7,"minecraft:creeper":4,"minecraft:sheep":7,"minecraft:pillager":12,"minecraft:zombie":72,"minecraft:stray":25,"minecraft:glow_squid":1,"minecraft:blaze":1,"minecraft:cow":1,"minecraft:vindicator":6,"minecraft:slime":2,"minecraft:phantom":1,"minecraft:horse":4,"minecraft:husk":7,"minecraft:bat":1,"minecraft:ravager":2,"minecraft:breeze":3,"minecraft:enderman":1},"minecraft:picked_up":{"minecraft:iron_chestplate":6,"minecraft:wheat":51,"minecraft:chainmail_boots":1,"minecraft:nether_brick_fence":1,"minecraft:lead":6,"minecraft:smithing_table":16,"minecraft:diamond_sword":14,"minecraft:oak_stairs":21,"minecraft:potion":4,"minecraft:enchanted_book":16,"minecraft:nether_brick":4,"minecraft:raw_copper":150,"minecraft:string":20,"minecraft:soul_soil":4,"minecraft:iron_leggings":4,"minecraft:oak_sign":4,"minecraft:diamond_leggings":15,"minecraft:cobbled_deepslate":374,"minecraft:gold_nugget":123,"minecraft:bucket":2,"minecraft:trial_key":11,"minecraft:cobblestone_slab":3,"minecraft:iron_pickaxe":11,"minecraft:coal_block":5,"minecraft:furnace":9,"minecraft:iron_boots":2,"minecraft:tipped_arrow":25,"minecraft:stick":137,"minecraft:oak_fence":102,"minecraft:torch":454,"minecraft:green_bed":1,"minecraft:porkchop":11,"minecraft:waxed_copper_grate":2,"minecraft:diorite":59,"minecraft:golden_chestplate":2,"minecraft:rotten_flesh":119,"minecraft:honey_bottle":9,"minecraft:iron_block":26,"minecraft:bookshelf":5,"minecraft:blaze_rod":1,"minecraft:cobblestone":947,"minecraft:birch_log":12,"minecraft:magma_block":3,"minecraft:feather":6,"minecraft:cooked_beef":8,"minecraft:repeater":1,"minecraft:iron_door":1,"minecraft:water_bucket":4,"minecraft:andesite":1,"minecraft:golden_leggings":1,"minecraft:potato":1193,"minecraft:flint":10,"minecraft:tuff":11,"minecraft:magenta_bed":1,"minecraft:dirt":5413,"minecraft:lapis_lazuli":69,"minecraft:name_tag":2,"minecraft:bone":74,"minecraft:bow":12,"minecraft:stonecutter":5,"minecraft:wheat_seeds":172,"minecraft:raw_gold":47,"minecraft:bell":1,"minecraft:bolt_armor_trim_smithing_template":3,"minecraft:diamond_helmet":15,"minecraft:glowstone_dust":1,"minecraft:scrape_pottery_sherd":5,"minecraft:oak_planks":258,"minecraft:music_disc_13":3,"minecraft:poisonous_potato":4,"minecraft:sand":28,"minecraft:ink_sac":7,"minecraft:grass_block":2,"minecraft:spectral_arrow":8,"minecraft:mossy_cobblestone":48,"minecraft:dispenser":5,"minecraft:diamond":48,"minecraft:lever":1,"minecraft:waxed_oxidized_copper_grate":1,"minecraft:breeze_rod":18,"minecraft:crossbow":4,"minecraft:granite":104,"minecraft:white_concrete":1,"minecraft:emerald":51,"minecraft:bread":56,"minecraft:oak_sapling":39,"minecraft:netherrack":1761,"minecraft:ominous_trial_key":3,"minecraft:diamond_pickaxe":18,"minecraft:crafting_table":7,"minecraft:ominous_bottle":7,"minecraft:chicken":4,"minecraft:golden_pickaxe":1,"minecraft:brick":45,"minecraft:shield":13,"minecraft:wind_charge":12,"minecraft:cornflower":2,"minecraft:oak_trapdoor":2,"minecraft:red_bed":3,"minecraft:iron_axe":8,"minecraft:flint_and_steel":1,"minecraft:white_carpet":2,"minecraft:iron_shovel":27,"minecraft:blackstone":32,"minecraft:beef":1,"minecraft:oak_boat":2,"minecraft:observer":4,"minecraft:iron_nugget":9,"minecraft:poppy":136,"minecraft:minecart":2,"minecraft:lectern":6,"minecraft:guster_pottery_sherd":1,"minecraft:sugar_cane":59,"minecraft:chest":6,"minecraft:piston":2,"minecraft:phantom_membrane":3,"minecraft:egg":1,"minecraft:raw_iron":87,"minecraft:oak_door":2,"minecraft:flow_pottery_sherd":3,"minecraft:mace":1,"minecraft:carrot":1,"minecraft:redstone":86,"minecraft:dark_oak_planks":2,"minecraft:arrow":306,"minecraft:diamond_chestplate":16,"minecraft:decorated_pot":16,"minecraft:diamond_boots":15,"minecraft:hay_block":75,"minecraft:saddle":9,"minecraft:gold_ingot":4,"minecraft:totem_of_undying":2,"minecraft:tuff_bricks":7,"minecraft:mutton":15,"minecraft:bone_block":2,"minecraft:rail":18,"minecraft:white_wool":9,"minecraft:stripped_oak_log":3,"minecraft:basalt":79,"minecraft:golden_carrot":13,"minecraft:glow_ink_sac":4,"minecraft:leather":4,"minecraft:birch_planks":39,"minecraft:oak_log":545,"minecraft:ancient_debris":6,"minecraft:gunpowder":3,"minecraft:blue_bed":11,"minecraft:white_banner":11,"minecraft:apple":5,"minecraft:oak_fence_gate":1,"minecraft:stone_pickaxe":2,"minecraft:iron_ingot":299,"minecraft:soul_sand":15,"minecraft:iron_sword":4,"minecraft:book":32,"minecraft:scaffolding":14,"minecraft:oak_slab":181,"minecraft:pumpkin":6,"minecraft:heavy_core":1,"minecraft:dandelion":6,"minecraft:quartz":207,"minecraft:gravel":60,"minecraft:white_bed":11,"minecraft:spider_eye":3,"minecraft:diamond_shovel":4,"minecraft:slime_ball":9,"minecraft:stone_axe":1,"minecraft:iron_helmet":4,"minecraft:diamond_axe":10,"minecraft:oak_button":1,"minecraft:baked_potato":452,"minecraft:coal":269,"minecraft:hopper":2,"minecraft:ender_pearl":2}},"DataVersion":3953}