{"stats":{"minecraft:killed_by":{"minecraft:husk":1,"minecraft:player":2,"minecraft:magma_cube":1,"minecraft:zombie":3},"minecraft:used":{"minecraft:iron_shovel":1584,"minecraft:poppy":1,"minecraft:decorated_pot":13,"minecraft:shield":146,"minecraft:iron_sword":432,"minecraft:trial_key":9,"minecraft:iron_chestplate":6,"minecraft:torch":23,"minecraft:dirt":662,"minecraft:anvil":1,"minecraft:carrot":1,"minecraft:golden_shovel":32,"minecraft:tuff":6,"minecraft:granite":4,"minecraft:iron_hoe":4,"minecraft:wooden_axe":32,"minecraft:iron_axe":141,"minecraft:iron_helmet":3,"minecraft:iron_boots":2,"minecraft:golden_carrot":11,"minecraft:hay_block":3,"minecraft:ominous_bottle":3,"minecraft:furnace":7,"minecraft:cooked_beef":4,"minecraft:potato":113,"minecraft:cobbled_deepslate":42,"minecraft:iron_leggings":1,"minecraft:water_bucket":4,"minecraft:diorite":2,"minecraft:stone_pickaxe":33,"minecraft:baked_potato":43,"minecraft:sugar_cane":8,"minecraft:sand":28,"minecraft:crafting_table":10,"minecraft:crossbow":16,"minecraft:white_bed":2,"minecraft:wooden_hoe":34,"minecraft:diamond_pickaxe":151,"minecraft:ominous_trial_key":1,"minecraft:mace":36,"minecraft:bread":87,"minecraft:wind_charge":10,"minecraft:iron_pickaxe":584,"minecraft:golden_leggings":1,"minecraft:stone_axe":58,"minecraft:cobblestone":6,"minecraft:bucket":5,"minecraft:andesite":1,"minecraft:golden_pickaxe":21},"minecraft:dropped":{"minecraft:wheat_seeds":4,"minecraft:ominous_bottle":2,"minecraft:diamond_axe":1,"minecraft:glow_ink_sac":1,"minecraft:decorated_pot":2,"minecraft:diamond_leggings":1,"minecraft:oak_fence":12,"minecraft:iron_helmet":1,"minecraft:leather":2,"minecraft:granite":10,"minecraft:coal":11,"minecraft:stick":14,"minecraft:dirt":211,"minecraft:mace":1,"minecraft:wooden_hoe":1,"minecraft:cornflower":2,"minecraft:mutton":7,"minecraft:diamond_helmet":1,"minecraft:potion":1,"minecraft:iron_pickaxe":5,"minecraft:string":8,"minecraft:birch_log":2,"minecraft:bone":12,"minecraft:stone_axe":3,"minecraft:tuff_bricks":3,"minecraft:sugar_cane":2,"minecraft:rotten_flesh":38,"minecraft:wind_charge":1,"minecraft:poppy":1,"minecraft:tipped_arrow":10,"minecraft:shield":2,"minecraft:trial_key":1,"minecraft:diamond_chestplate":1,"minecraft:iron_chestplate":3,"minecraft:golden_leggings":3,"minecraft:breeze_rod":1,"minecraft:spider_eye":3,"minecraft:diamond_boots":1,"minecraft:wooden_pickaxe":1,"minecraft:bow":2,"minecraft:arrow":25,"minecraft:beef":1,"minecraft:bell":1,"minecraft:brick":10},"minecraft:mined":{"minecraft:dark_oak_planks":1,"minecraft:tuff":3,"minecraft:mossy_cobblestone":4,"minecraft:deepslate_diamond_ore":15,"minecraft:potted_dead_bush":2,"minecraft:granite":87,"minecraft:grass_block":787,"minecraft:decorated_pot":21,"minecraft:white_concrete":1,"minecraft:hay_block":72,"minecraft:redstone_ore":2,"minecraft:furnace":4,"minecraft:waxed_copper_grate":2,"minecraft:iron_ore":50,"minecraft:cobbled_deepslate":5,"minecraft:andesite":1,"minecraft:potatoes":112,"minecraft:deepslate_iron_ore":13,"minecraft:dirt_path":5,"minecraft:stone":333,"minecraft:soul_sand":1,"minecraft:blackstone":9,"minecraft:soul_fire":2,"minecraft:basalt":52,"minecraft:oak_fence":12,"minecraft:crafting_table":7,"minecraft:torch":7,"minecraft:short_grass":76,"minecraft:copper_ore":23,"minecraft:tall_grass":11,"minecraft:cobblestone":2,"minecraft:deepslate_gold_ore":20,"minecraft:sugar_cane":6,"minecraft:oak_planks":4,"minecraft:diorite":2,"minecraft:wall_torch":8,"minecraft:waxed_oxidized_copper_grate":1,"minecraft:birch_log":2,"minecraft:coal_ore":101,"minecraft:oak_log":27,"minecraft:gravel":6,"minecraft:sand":28,"minecraft:dirt":854,"minecraft:netherrack":8,"minecraft:oak_leaves":3,"minecraft:deepslate":37},"minecraft:broken":{"minecraft:iron_shovel":6,"minecraft:iron_boots":2,"minecraft:golden_shovel":1,"minecraft:iron_leggings":2,"minecraft:iron_sword":1,"minecraft:iron_pickaxe":2,"minecraft:iron_helmet":2,"minecraft:wooden_axe":1},"minecraft:custom":{"minecraft:mob_kills":136,"minecraft:interact_with_anvil":5,"minecraft:interact_with_crafting_table":58,"minecraft:open_barrel":14,"minecraft:leave_game":5,"minecraft:time_since_death":32665,"minecraft:climb_one_cm":12876,"minecraft:sprint_one_cm":888142,"minecraft:walk_one_cm":704253,"minecraft:damage_blocked_by_shield":3750,"minecraft:drop":106,"minecraft:play_time":271775,"minecraft:deaths":9,"minecraft:sneak_time":8696,"minecraft:walk_under_water_one_cm":17631,"minecraft:jump":4448,"minecraft:walk_on_water_one_cm":63190,"minecraft:enchant_item":1,"minecraft:total_world_time":271775,"minecraft:interact_with_furnace":34,"minecraft:sleep_in_bed":10,"minecraft:time_since_rest":10526,"minecraft:damage_taken":9825,"minecraft:damage_dealt":28826,"minecraft:swim_one_cm":41670,"minecraft:fly_one_cm":685996,"minecraft:open_chest":151,"minecraft:crouch_one_cm":13784,"minecraft:fall_one_cm":142287,"minecraft:inspect_dispenser":3},"minecraft:crafted":{"minecraft:oak_planks":100,"minecraft:furnace":3,"minecraft:mace":1,"minecraft:diamond_helmet":1,"minecraft:diamond_leggings":1,"minecraft:iron_boots":1,"minecraft:iron_axe":1,"minecraft:diamond_boots":1,"minecraft:wheat":234,"minecraft:coal_block":7,"minecraft:diamond_sword":1,"minecraft:crafting_table":3,"minecraft:wooden_pickaxe":1,"minecraft:iron_helmet":1,"minecraft:iron_sword":2,"minecraft:bucket":1,"minecraft:stone_axe":2,"minecraft:bread":78,"minecraft:air":0,"minecraft:wooden_hoe":1,"minecraft:iron_chestplate":1,"minecraft:stick":92,"minecraft:iron_ingot":35,"minecraft:iron_pickaxe":3,"minecraft:wooden_axe":1,"minecraft:iron_block":3,"minecraft:iron_shovel":6,"minecraft:iron_leggings":1,"minecraft:anvil":1,"minecraft:white_bed":1,"minecraft:torch":8,"minecraft:diamond_chestplate":1},"minecraft:killed":{"minecraft:spider":5,"minecraft:slime":2,"minecraft:skeleton":18,"minecraft:horse":4,"minecraft:husk":7,"minecraft:pig":2,"minecraft:iron_golem":4,"minecraft:bat":1,"minecraft:creeper":1,"minecraft:sheep":5,"minecraft:zombie":52,"minecraft:stray":25,"minecraft:breeze":3,"minecraft:glow_squid":1,"minecraft:cow":1},"minecraft:picked_up":{"minecraft:crafting_table":7,"minecraft:iron_chestplate":6,"minecraft:ominous_bottle":7,"minecraft:golden_pickaxe":1,"minecraft:enchanted_book":4,"minecraft:potion":4,"minecraft:shield":10,"minecraft:brick":30,"minecraft:wind_charge":12,"minecraft:cornflower":2,"minecraft:string":8,"minecraft:raw_copper":150,"minecraft:iron_axe":5,"minecraft:iron_leggings":4,"minecraft:iron_shovel":10,"minecraft:blackstone":9,"minecraft:diamond_leggings":2,"minecraft:cobbled_deepslate":45,"minecraft:bucket":2,"minecraft:beef":1,"minecraft:trial_key":11,"minecraft:poppy":2,"minecraft:iron_pickaxe":8,"minecraft:guster_pottery_sherd":1,"minecraft:sugar_cane":10,"minecraft:coal_block":5,"minecraft:iron_boots":2,"minecraft:furnace":4,"minecraft:tipped_arrow":25,"minecraft:raw_iron":87,"minecraft:oak_fence":12,"minecraft:torch":47,"minecraft:porkchop":5,"minecraft:flow_pottery_sherd":3,"minecraft:mace":1,"minecraft:waxed_copper_grate":2,"minecraft:diorite":2,"minecraft:carrot":1,"minecraft:redstone":10,"minecraft:dark_oak_planks":2,"minecraft:rotten_flesh":90,"minecraft:honey_bottle":9,"minecraft:diamond_chestplate":2,"minecraft:arrow":124,"minecraft:decorated_pot":16,"minecraft:diamond_boots":2,"minecraft:hay_block":75,"minecraft:tuff_bricks":7,"minecraft:mutton":11,"minecraft:bone_block":2,"minecraft:white_wool":8,"minecraft:cobblestone":502,"minecraft:birch_log":4,"minecraft:basalt":52,"minecraft:cooked_beef":8,"minecraft:golden_carrot":13,"minecraft:glow_ink_sac":4,"minecraft:andesite":1,"minecraft:leather":4,"minecraft:golden_leggings":1,"minecraft:potato":224,"minecraft:tuff":9,"minecraft:oak_log":27,"minecraft:gunpowder":1,"minecraft:lapis_lazuli":6,"minecraft:dirt":2215,"minecraft:bone":61,"minecraft:bow":8,"minecraft:wheat_seeds":18,"minecraft:raw_gold":20,"minecraft:bell":1,"minecraft:stone_pickaxe":2,"minecraft:iron_ingot":26,"minecraft:bolt_armor_trim_smithing_template":3,"minecraft:diamond_helmet":2,"minecraft:soul_sand":1,"minecraft:scrape_pottery_sherd":4,"minecraft:oak_planks":64,"minecraft:iron_sword":4,"minecraft:scaffolding":14,"minecraft:heavy_core":1,"minecraft:gravel":6,"minecraft:sand":28,"minecraft:white_bed":1,"minecraft:spider_eye":3,"minecraft:mossy_cobblestone":4,"minecraft:slime_ball":9,"minecraft:diamond":31,"minecraft:stone_axe":1,"minecraft:breeze_rod":18,"minecraft:waxed_oxidized_copper_grate":1,"minecraft:diamond_axe":1,"minecraft:iron_helmet":4,"minecraft:crossbow":4,"minecraft:granite":97,"minecraft:white_concrete":1,"minecraft:emerald":26,"minecraft:bread":56,"minecraft:baked_potato":57,"minecraft:netherrack":8,"minecraft:coal":110,"minecraft:ominous_trial_key":3,"minecraft:ender_pearl":1,"minecraft:diamond_pickaxe":1}},"DataVersion":3953}