{"stats":{"minecraft:killed_by":{"minecraft:ravager":1,"minecraft:magma_cube":1,"minecraft:vindicator":4,"minecraft:zombie":5,"minecraft:vex":1,"minecraft:husk":1,"minecraft:player":5,"minecraft:iron_golem":2},"minecraft:used":{"minecraft:nether_brick_fence":1,"minecraft:iron_shovel":2038,"minecraft:dispenser":9,"minecraft:poppy":2,"minecraft:decorated_pot":14,"minecraft:chest":15,"minecraft:shield":150,"minecraft:iron_sword":432,"minecraft:iron_chestplate":6,"minecraft:carrot":1,"minecraft:tuff":8,"minecraft:spruce_boat":7,"minecraft:glass":25,"minecraft:lava_bucket":4,"minecraft:grass_block":128,"minecraft:iron_helmet":3,"minecraft:bow":23,"minecraft:hay_block":6,"minecraft:scaffolding":29,"minecraft:ominous_bottle":4,"minecraft:furnace":13,"minecraft:oak_sapling":9,"minecraft:egg":1,"minecraft:potato":465,"minecraft:diamond_boots":7,"minecraft:diorite":2,"minecraft:stone_pickaxe":33,"minecraft:oak_planks":823,"minecraft:ender_pearl":2,"minecraft:diamond_axe":758,"minecraft:sugar_cane":39,"minecraft:blue_bed":13,"minecraft:sand":28,"minecraft:crossbow":16,"minecraft:lever":2,"minecraft:mace":36,"minecraft:birch_slab":18,"minecraft:bread":93,"minecraft:lectern":4,"minecraft:iron_door":1,"minecraft:gravel":14,"minecraft:diamond_sword":551,"minecraft:smithing_table":17,"minecraft:andesite":1,"minecraft:oak_boat":2,"minecraft:bone_meal":192,"minecraft:golden_pickaxe":24,"minecraft:oak_fence":307,"minecraft:oak_trapdoor":5,"minecraft:flint_and_steel":124,"minecraft:redstone":34,"minecraft:netherrack":208,"minecraft:trial_key":9,"minecraft:oak_door":4,"minecraft:torch":107,"minecraft:dirt":3138,"minecraft:anvil":1,"minecraft:white_carpet":5,"minecraft:hopper":9,"minecraft:diamond_helmet":2,"minecraft:golden_shovel":32,"minecraft:granite":4,"minecraft:oak_fence_gate":3,"minecraft:iron_hoe":145,"minecraft:wooden_axe":32,"minecraft:bookshelf":1,"minecraft:iron_block":17,"minecraft:oak_stairs":73,"minecraft:iron_axe":255,"minecraft:bamboo_hanging_sign":1,"minecraft:iron_boots":2,"minecraft:totem_of_undying":1,"minecraft:light_gray_wool":1,"minecraft:diamond_chestplate":7,"minecraft:basalt":32,"minecraft:golden_carrot":12,"minecraft:soul_soil":2,"minecraft:minecart":1,"minecraft:brown_bed":1,"minecraft:cooked_beef":4,"minecraft:cobbled_deepslate":102,"minecraft:observer":21,"minecraft:pumpkin":3,"minecraft:iron_leggings":1,"minecraft:wheat_seeds":170,"minecraft:water_bucket":44,"minecraft:birch_planks":8,"minecraft:baked_potato":264,"minecraft:green_bed":2,"minecraft:stonecutter":6,"minecraft:cobblestone_slab":2,"minecraft:leather_boots":2,"minecraft:rail":10,"minecraft:crafting_table":14,"minecraft:oak_slab":183,"minecraft:magenta_bed":1,"minecraft:red_bed":3,"minecraft:white_bed":12,"minecraft:oak_log":141,"minecraft:piston":19,"minecraft:wooden_hoe":36,"minecraft:diamond_pickaxe":4033,"minecraft:diamond_shovel":4625,"minecraft:ominous_trial_key":1,"minecraft:wind_charge":10,"minecraft:oak_button":1,"minecraft:iron_pickaxe":602,"minecraft:golden_leggings":1,"minecraft:stone_axe":58,"minecraft:fishing_rod":3,"minecraft:cobblestone":169,"minecraft:potion":1,"minecraft:white_banner":8,"minecraft:bucket":52,"minecraft:stripped_oak_log":3,"minecraft:diamond_leggings":5},"minecraft:dropped":{"minecraft:soul_sand":8,"minecraft:birch_planks":2,"minecraft:diamond_axe":2,"minecraft:ominous_bottle":2,"minecraft:lapis_lazuli":119,"minecraft:glow_ink_sac":1,"minecraft:oak_log":2,"minecraft:baked_potato":84,"minecraft:decorated_pot":2,"minecraft:leather":2,"minecraft:cracked_stone_bricks":1,"minecraft:rail":7,"minecraft:emerald":1,"minecraft:flint":1,"minecraft:cod":1,"minecraft:music_disc_13":1,"minecraft:dirt":1018,"minecraft:mace":1,"minecraft:dispenser":2,"minecraft:cornflower":2,"minecraft:mutton":13,"minecraft:scrape_pottery_sherd":1,"minecraft:gold_nugget":16,"minecraft:sand":151,"minecraft:iron_pickaxe":5,"minecraft:fishing_rod":1,"minecraft:birch_log":4,"minecraft:white_wool":3,"minecraft:gold_ingot":8,"minecraft:bone":20,"minecraft:oak_door":1,"minecraft:gravel":36,"minecraft:stone_axe":3,"minecraft:blackstone":75,"minecraft:sugar_cane":39,"minecraft:nether_brick":4,"minecraft:rotten_flesh":72,"minecraft:oak_planks":14,"minecraft:diamond_shovel":2,"minecraft:wind_charge":1,"minecraft:poppy":321,"minecraft:rabbit_hide":1,"minecraft:tipped_arrow":10,"minecraft:gunpowder":2,"minecraft:leather_boots":1,"minecraft:chainmail_boots":1,"minecraft:breeze_rod":1,"minecraft:basalt":25,"minecraft:arrow":37,"minecraft:glass":3,"minecraft:beef":1,"minecraft:quartz":533,"minecraft:netherrack":3975,"minecraft:lectern":2,"minecraft:iron_ingot":6,"minecraft:water_bucket":1,"minecraft:wheat_seeds":39,"minecraft:mossy_cobblestone":44,"minecraft:minecart":1,"minecraft:diamond_leggings":2,"minecraft:poisonous_potato":5,"minecraft:feather":2,"minecraft:oak_fence":24,"minecraft:cobblestone":37,"minecraft:iron_helmet":1,"minecraft:spectral_arrow":8,"minecraft:apple":2,"minecraft:granite":17,"minecraft:copper_ingot":1,"minecraft:coal":110,"minecraft:stick":21,"minecraft:iron_block":3,"minecraft:diorite":51,"minecraft:ink_sac":7,"minecraft:wooden_hoe":2,"minecraft:torch":3,"minecraft:repeater":1,"minecraft:rabbit":1,"minecraft:diamond_helmet":2,"minecraft:potion":1,"minecraft:pumpkin":4,"minecraft:paper":204,"minecraft:iron_shovel":2,"minecraft:string":20,"minecraft:dandelion":8,"minecraft:furnace":4,"minecraft:tuff_bricks":3,"minecraft:soul_soil":2,"minecraft:oak_trapdoor":1,"minecraft:blaze_rod":1,"minecraft:bamboo_hanging_sign":1,"minecraft:chicken":1,"minecraft:iron_hoe":1,"minecraft:filled_map":2,"minecraft:diamond_sword":3,"minecraft:potato":581,"minecraft:cobblestone_slab":1,"minecraft:spruce_boat":1,"minecraft:shield":2,"minecraft:trial_key":1,"minecraft:diamond_chestplate":4,"minecraft:diamond_pickaxe":4,"minecraft:iron_chestplate":3,"minecraft:mossy_stone_bricks":1,"minecraft:golden_leggings":3,"minecraft:oak_sapling":42,"minecraft:spider_eye":3,"minecraft:diamond_boots":3,"minecraft:bow":5,"minecraft:wooden_pickaxe":1,"minecraft:bell":1,"minecraft:brick":25},"minecraft:mined":{"minecraft:dark_oak_planks":1,"minecraft:white_bed":9,"minecraft:farmland":4,"minecraft:potted_dead_bush":2,"minecraft:granite":95,"minecraft:grass_block":2988,"minecraft:white_concrete":1,"minecraft:soul_soil":7,"minecraft:hopper":2,"minecraft:oak_wall_sign":8,"minecraft:spawner":1,"minecraft:magma_block":3,"minecraft:fire":74,"minecraft:iron_ore":50,"minecraft:cobbled_deepslate":15,"minecraft:pumpkin":2,"minecraft:brown_bed":1,"minecraft:oak_sign":1,"minecraft:dirt_path":19,"minecraft:oak_stairs":21,"minecraft:iron_block":10,"minecraft:green_bed":2,"minecraft:red_bed":3,"minecraft:blackstone":54,"minecraft:soul_fire":5,"minecraft:powder_snow":4,"minecraft:torch":11,"minecraft:poppy":2,"minecraft:chest":6,"minecraft:nether_quartz_ore":249,"minecraft:glass":3,"minecraft:cobblestone":67,"minecraft:sugar_cane":24,"minecraft:oak_planks":114,"minecraft:iron_door":1,"minecraft:wall_torch":18,"minecraft:repeater":1,"minecraft:birch_log":7,"minecraft:wheat":59,"minecraft:magenta_bed":1,"minecraft:light_gray_wool":1,"minecraft:oak_log":442,"minecraft:oak_fence_gate":1,"minecraft:sand":231,"minecraft:dirt":3474,"minecraft:dispenser":5,"minecraft:stonecutter":5,"minecraft:ancient_debris":7,"minecraft:netherrack":2948,"minecraft:piston":2,"minecraft:oak_leaves":67,"minecraft:deepslate":77,"minecraft:suspicious_gravel":1,"minecraft:nether_gold_ore":14,"minecraft:tuff":6,"minecraft:mossy_cobblestone":27,"minecraft:deepslate_diamond_ore":23,"minecraft:oak_door":2,"minecraft:lever":1,"minecraft:decorated_pot":21,"minecraft:redstone_wire":9,"minecraft:spruce_leaves":3,"minecraft:birch_slab":1,"minecraft:hay_block":133,"minecraft:redstone_ore":2,"minecraft:oak_trapdoor":2,"minecraft:furnace":9,"minecraft:waxed_copper_grate":2,"minecraft:andesite":1,"minecraft:nether_brick_fence":1,"minecraft:potatoes":411,"minecraft:cobblestone_slab":3,"minecraft:deepslate_iron_ore":13,"minecraft:rail":10,"minecraft:stripped_oak_log":3,"minecraft:stone":613,"minecraft:smithing_table":17,"minecraft:oak_slab":127,"minecraft:scaffolding":23,"minecraft:soul_sand":10,"minecraft:lily_of_the_valley":2,"minecraft:basalt":54,"minecraft:observer":4,"minecraft:dandelion":6,"minecraft:oak_fence":30,"minecraft:crafting_table":7,"minecraft:short_grass":133,"minecraft:lectern":5,"minecraft:copper_ore":23,"minecraft:tall_grass":23,"minecraft:deepslate_gold_ore":35,"minecraft:diorite":59,"minecraft:blue_bed":10,"minecraft:birch_planks":9,"minecraft:waxed_oxidized_copper_grate":1,"minecraft:white_carpet":2,"minecraft:spruce_log":4,"minecraft:birch_leaves":4,"minecraft:white_wall_banner":2,"minecraft:coal_ore":143,"minecraft:gravel":37,"minecraft:cobweb":5,"minecraft:cracked_stone_bricks":1,"minecraft:oak_button":1,"minecraft:mossy_stone_bricks":2},"minecraft:broken":{"minecraft:iron_shovel":7,"minecraft:iron_boots":2,"minecraft:golden_shovel":1,"minecraft:iron_leggings":2,"minecraft:iron_sword":1,"minecraft:wooden_axe":1,"minecraft:flint_and_steel":1,"minecraft:iron_pickaxe":2,"minecraft:iron_helmet":2,"minecraft:golden_pickaxe":1},"minecraft:custom":{"minecraft:animals_bred":4,"minecraft:interact_with_crafting_table":140,"minecraft:open_barrel":20,"minecraft:leave_game":20,"minecraft:time_since_death":75991,"minecraft:sprint_one_cm":3009862,"minecraft:damage_blocked_by_shield":4010,"minecraft:drop":1062,"minecraft:talked_to_villager":66,"minecraft:play_time":859958,"minecraft:deaths":24,"minecraft:jump":12176,"minecraft:interact_with_brewingstand":2,"minecraft:walk_on_water_one_cm":165020,"minecraft:enchant_item":7,"minecraft:interact_with_furnace":76,"minecraft:traded_with_villager":40,"minecraft:sleep_in_bed":21,"minecraft:damage_dealt":63713,"minecraft:player_kills":3,"minecraft:crouch_one_cm":73475,"minecraft:inspect_dispenser":24,"minecraft:horse_one_cm":197176,"minecraft:interact_with_smithing_table":9,"minecraft:mob_kills":335,"minecraft:interact_with_anvil":17,"minecraft:inspect_hopper":10,"minecraft:climb_one_cm":14009,"minecraft:walk_one_cm":1990849,"minecraft:raid_win":1,"minecraft:sneak_time":25016,"minecraft:walk_under_water_one_cm":33334,"minecraft:boat_one_cm":532467,"minecraft:total_world_time":859958,"minecraft:raid_trigger":1,"minecraft:interact_with_grindstone":1,"minecraft:interact_with_stonecutter":3,"minecraft:time_since_rest":76027,"minecraft:damage_taken":22683,"minecraft:damage_absorbed":65,"minecraft:swim_one_cm":96968,"minecraft:fly_one_cm":2207298,"minecraft:open_chest":586,"minecraft:fish_caught":1,"minecraft:fall_one_cm":309156},"minecraft:crafted":{"minecraft:oak_planks":1824,"minecraft:lever":1,"minecraft:mace":1,"minecraft:quartz_block":35,"minecraft:glass":26,"minecraft:hopper":8,"minecraft:diamond_helmet":1,"minecraft:diamond_leggings":2,"minecraft:iron_boots":1,"minecraft:chest":17,"minecraft:oak_fence":309,"minecraft:oak_slab":252,"minecraft:emerald":39,"minecraft:crafting_table":7,"minecraft:spruce_planks":16,"minecraft:wooden_pickaxe":1,"minecraft:baked_potato":78,"minecraft:iron_helmet":1,"minecraft:dispenser":6,"minecraft:iron_chestplate":1,"minecraft:wooden_hoe":2,"minecraft:paper":828,"minecraft:diamond_pickaxe":1,"minecraft:stick":284,"minecraft:iron_ingot":116,"minecraft:iron_pickaxe":3,"minecraft:iron_block":17,"minecraft:oak_door":3,"minecraft:iron_nugget":9,"minecraft:furnace":8,"minecraft:piston":17,"minecraft:bone_meal":84,"minecraft:white_carpet":3,"minecraft:oak_trapdoor":4,"minecraft:iron_axe":1,"minecraft:iron_hoe":2,"minecraft:diamond_boots":1,"minecraft:spruce_boat":1,"minecraft:observer":17,"minecraft:wheat":756,"minecraft:coal_block":7,"minecraft:diamond_sword":2,"minecraft:iron_sword":2,"minecraft:bucket":4,"minecraft:stone_axe":2,"minecraft:enchanted_book":1,"minecraft:bread":78,"minecraft:air":0,"minecraft:oak_fence_gate":2,"minecraft:oak_stairs":56,"minecraft:wooden_axe":1,"minecraft:iron_shovel":9,"minecraft:iron_leggings":1,"minecraft:anvil":1,"minecraft:white_bed":1,"minecraft:torch":128,"minecraft:diamond_chestplate":3},"minecraft:killed":{"minecraft:witch":1,"minecraft:spider":7,"minecraft:skeleton":139,"minecraft:bee":1,"minecraft:chicken":2,"minecraft:piglin":1,"minecraft:pig":2,"minecraft:iron_golem":10,"minecraft:creeper":4,"minecraft:sheep":8,"minecraft:pillager":12,"minecraft:zombie":76,"minecraft:stray":25,"minecraft:glow_squid":1,"minecraft:blaze":1,"minecraft:cow":1,"minecraft:vindicator":6,"minecraft:slime":2,"minecraft:phantom":1,"minecraft:horse":4,"minecraft:drowned":2,"minecraft:husk":7,"minecraft:rabbit":1,"minecraft:bat":1,"minecraft:ravager":2,"minecraft:breeze":3,"minecraft:villager":1,"minecraft:enderman":2},"minecraft:picked_up":{"minecraft:iron_chestplate":6,"minecraft:wheat":51,"minecraft:chainmail_boots":1,"minecraft:brown_bed":1,"minecraft:nether_brick_fence":1,"minecraft:smithing_table":16,"minecraft:lead":6,"minecraft:diamond_sword":15,"minecraft:oak_stairs":21,"minecraft:potion":4,"minecraft:enchanted_book":16,"minecraft:nether_brick":4,"minecraft:raw_copper":150,"minecraft:string":20,"minecraft:soul_soil":4,"minecraft:iron_leggings":4,"minecraft:oak_sign":4,"minecraft:diamond_leggings":16,"minecraft:cobbled_deepslate":395,"minecraft:gold_nugget":139,"minecraft:bucket":2,"minecraft:trial_key":11,"minecraft:cobblestone_slab":4,"minecraft:iron_pickaxe":11,"minecraft:coal_block":5,"minecraft:iron_boots":2,"minecraft:furnace":9,"minecraft:tipped_arrow":25,"minecraft:stick":137,"minecraft:oak_fence":102,"minecraft:torch":454,"minecraft:green_bed":2,"minecraft:porkchop":11,"minecraft:waxed_copper_grate":2,"minecraft:diorite":65,"minecraft:golden_chestplate":2,"minecraft:rotten_flesh":131,"minecraft:honey_bottle":9,"minecraft:iron_block":26,"minecraft:bookshelf":5,"minecraft:blaze_rod":1,"minecraft:cod":1,"minecraft:cobblestone":980,"minecraft:birch_log":12,"minecraft:magma_block":3,"minecraft:feather":6,"minecraft:cooked_beef":8,"minecraft:repeater":1,"minecraft:birch_slab":1,"minecraft:iron_door":1,"minecraft:water_bucket":4,"minecraft:andesite":1,"minecraft:golden_leggings":1,"minecraft:potato":1199,"minecraft:flint":11,"minecraft:tuff":11,"minecraft:magenta_bed":1,"minecraft:dirt":5423,"minecraft:lapis_lazuli":130,"minecraft:name_tag":2,"minecraft:bone":76,"minecraft:bow":15,"minecraft:stonecutter":5,"minecraft:wheat_seeds":174,"minecraft:raw_gold":47,"minecraft:bell":1,"minecraft:bolt_armor_trim_smithing_template":3,"minecraft:mossy_stone_bricks":1,"minecraft:rabbit":1,"minecraft:diamond_helmet":16,"minecraft:glowstone_dust":1,"minecraft:scrape_pottery_sherd":5,"minecraft:oak_planks":306,"minecraft:music_disc_13":3,"minecraft:poisonous_potato":4,"minecraft:sand":179,"minecraft:ink_sac":7,"minecraft:grass_block":2,"minecraft:spectral_arrow":8,"minecraft:mossy_cobblestone":48,"minecraft:iron_hoe":1,"minecraft:dispenser":7,"minecraft:diamond":48,"minecraft:spruce_boat":7,"minecraft:lever":1,"minecraft:waxed_oxidized_copper_grate":1,"minecraft:breeze_rod":18,"minecraft:crossbow":4,"minecraft:granite":104,"minecraft:white_concrete":1,"minecraft:emerald":52,"minecraft:bread":56,"minecraft:oak_sapling":50,"minecraft:netherrack":4595,"minecraft:ominous_trial_key":3,"minecraft:diamond_pickaxe":19,"minecraft:crafting_table":7,"minecraft:ominous_bottle":7,"minecraft:chicken":4,"minecraft:golden_pickaxe":1,"minecraft:brick":45,"minecraft:shield":14,"minecraft:wind_charge":12,"minecraft:cornflower":2,"minecraft:oak_trapdoor":2,"minecraft:red_bed":4,"minecraft:iron_axe":8,"minecraft:flint_and_steel":1,"minecraft:white_carpet":2,"minecraft:iron_shovel":27,"minecraft:blackstone":82,"minecraft:cracked_stone_bricks":1,"minecraft:beef":1,"minecraft:oak_boat":2,"minecraft:light_gray_wool":1,"minecraft:observer":4,"minecraft:iron_nugget":9,"minecraft:poppy":139,"minecraft:minecart":2,"minecraft:lectern":6,"minecraft:guster_pottery_sherd":1,"minecraft:sugar_cane":59,"minecraft:chest":6,"minecraft:piston":2,"minecraft:phantom_membrane":3,"minecraft:egg":1,"minecraft:raw_iron":87,"minecraft:oak_door":2,"minecraft:copper_ingot":1,"minecraft:flow_pottery_sherd":3,"minecraft:mace":1,"minecraft:carrot":1,"minecraft:redstone":86,"minecraft:dark_oak_planks":2,"minecraft:arrow":341,"minecraft:diamond_chestplate":19,"minecraft:decorated_pot":16,"minecraft:diamond_boots":17,"minecraft:hay_block":136,"minecraft:totem_of_undying":2,"minecraft:saddle":9,"minecraft:gold_ingot":46,"minecraft:tuff_bricks":7,"minecraft:mutton":17,"minecraft:bone_block":2,"minecraft:rail":18,"minecraft:white_wool":11,"minecraft:stripped_oak_log":3,"minecraft:basalt":79,"minecraft:golden_carrot":13,"minecraft:glow_ink_sac":4,"minecraft:leather":4,"minecraft:birch_planks":39,"minecraft:oak_log":557,"minecraft:ancient_debris":8,"minecraft:gunpowder":3,"minecraft:blue_bed":11,"minecraft:white_banner":11,"minecraft:apple":5,"minecraft:rabbit_hide":1,"minecraft:stone_pickaxe":2,"minecraft:iron_ingot":308,"minecraft:oak_fence_gate":1,"minecraft:soul_sand":15,"minecraft:iron_sword":4,"minecraft:book":32,"minecraft:scaffolding":43,"minecraft:oak_slab":181,"minecraft:pumpkin":6,"minecraft:heavy_core":1,"minecraft:quartz":736,"minecraft:dandelion":7,"minecraft:gravel":66,"minecraft:white_bed":12,"minecraft:spruce_log":4,"minecraft:spider_eye":3,"minecraft:diamond_shovel":5,"minecraft:slime_ball":9,"minecraft:stone_axe":1,"minecraft:iron_helmet":4,"minecraft:diamond_axe":11,"minecraft:oak_button":1,"minecraft:baked_potato":514,"minecraft:coal":269,"minecraft:hopper":2,"minecraft:ender_pearl":3}},"DataVersion":3953}