{"stats":{"minecraft:killed_by":{"minecraft:magma_cube":1,"minecraft:zombie":3,"minecraft:husk":1,"minecraft:player":3,"minecraft:iron_golem":1},"minecraft:used":{"minecraft:nether_brick_fence":1,"minecraft:iron_shovel":1738,"minecraft:poppy":1,"minecraft:decorated_pot":13,"minecraft:chest":3,"minecraft:shield":146,"minecraft:iron_sword":432,"minecraft:iron_chestplate":6,"minecraft:carrot":1,"minecraft:tuff":6,"minecraft:lava_bucket":4,"minecraft:iron_helmet":3,"minecraft:bow":9,"minecraft:hay_block":3,"minecraft:ominous_bottle":3,"minecraft:furnace":7,"minecraft:potato":223,"minecraft:diorite":2,"minecraft:diamond_boots":1,"minecraft:stone_pickaxe":33,"minecraft:oak_planks":92,"minecraft:blue_bed":13,"minecraft:sugar_cane":38,"minecraft:sand":28,"minecraft:crossbow":16,"minecraft:mace":36,"minecraft:bread":92,"minecraft:lectern":4,"minecraft:gravel":12,"minecraft:diamond_sword":171,"minecraft:smithing_table":17,"minecraft:andesite":1,"minecraft:oak_boat":2,"minecraft:golden_pickaxe":24,"minecraft:oak_trapdoor":2,"minecraft:flint_and_steel":63,"minecraft:redstone":19,"minecraft:trial_key":9,"minecraft:netherrack":188,"minecraft:torch":32,"minecraft:dirt":736,"minecraft:anvil":1,"minecraft:white_carpet":2,"minecraft:hopper":5,"minecraft:golden_shovel":32,"minecraft:granite":4,"minecraft:iron_hoe":4,"minecraft:wooden_axe":32,"minecraft:iron_axe":224,"minecraft:iron_boots":2,"minecraft:diamond_chestplate":1,"minecraft:basalt":32,"minecraft:golden_carrot":11,"minecraft:cooked_beef":4,"minecraft:cobbled_deepslate":42,"minecraft:observer":21,"minecraft:iron_leggings":1,"minecraft:water_bucket":20,"minecraft:baked_potato":109,"minecraft:stonecutter":6,"minecraft:green_bed":1,"minecraft:oak_slab":1,"minecraft:crafting_table":10,"minecraft:red_bed":2,"minecraft:magenta_bed":1,"minecraft:white_bed":11,"minecraft:piston":19,"minecraft:wooden_hoe":34,"minecraft:diamond_pickaxe":1459,"minecraft:ominous_trial_key":1,"minecraft:wind_charge":10,"minecraft:iron_pickaxe":602,"minecraft:golden_leggings":1,"minecraft:stone_axe":58,"minecraft:cobblestone":140,"minecraft:bucket":25,"minecraft:diamond_leggings":1},"minecraft:dropped":{"minecraft:soul_sand":4,"minecraft:diamond_axe":1,"minecraft:ominous_bottle":2,"minecraft:lapis_lazuli":55,"minecraft:glow_ink_sac":1,"minecraft:baked_potato":1,"minecraft:decorated_pot":2,"minecraft:leather":2,"minecraft:rail":6,"minecraft:dirt":288,"minecraft:mace":1,"minecraft:cornflower":2,"minecraft:mutton":7,"minecraft:scrape_pottery_sherd":1,"minecraft:iron_pickaxe":5,"minecraft:birch_log":2,"minecraft:gold_ingot":8,"minecraft:bone":15,"minecraft:gravel":15,"minecraft:stone_axe":3,"minecraft:blackstone":25,"minecraft:sugar_cane":10,"minecraft:nether_brick":4,"minecraft:rotten_flesh":41,"minecraft:wind_charge":1,"minecraft:poppy":1,"minecraft:tipped_arrow":10,"minecraft:breeze_rod":1,"minecraft:basalt":23,"minecraft:arrow":25,"minecraft:beef":1,"minecraft:quartz":4,"minecraft:netherrack":836,"minecraft:lectern":1,"minecraft:wheat_seeds":4,"minecraft:mossy_cobblestone":44,"minecraft:diamond_leggings":1,"minecraft:poisonous_potato":1,"minecraft:oak_fence":12,"minecraft:iron_helmet":1,"minecraft:cobblestone":33,"minecraft:spectral_arrow":8,"minecraft:granite":17,"minecraft:coal":11,"minecraft:stick":14,"minecraft:diorite":40,"minecraft:wooden_hoe":1,"minecraft:repeater":1,"minecraft:diamond_helmet":1,"minecraft:potion":1,"minecraft:iron_shovel":1,"minecraft:string":16,"minecraft:tuff_bricks":3,"minecraft:soul_soil":2,"minecraft:blaze_rod":1,"minecraft:diamond_sword":1,"minecraft:shield":2,"minecraft:trial_key":1,"minecraft:diamond_chestplate":1,"minecraft:diamond_pickaxe":3,"minecraft:iron_chestplate":3,"minecraft:golden_leggings":3,"minecraft:spider_eye":3,"minecraft:diamond_boots":1,"minecraft:bow":2,"minecraft:wooden_pickaxe":1,"minecraft:bell":1,"minecraft:brick":25},"minecraft:mined":{"minecraft:dark_oak_planks":1,"minecraft:white_bed":8,"minecraft:granite":94,"minecraft:potted_dead_bush":2,"minecraft:grass_block":873,"minecraft:white_concrete":1,"minecraft:soul_soil":1,"minecraft:hopper":2,"minecraft:magma_block":3,"minecraft:cobbled_deepslate":5,"minecraft:iron_ore":50,"minecraft:fire":59,"minecraft:dirt_path":5,"minecraft:green_bed":1,"minecraft:red_bed":2,"minecraft:blackstone":29,"minecraft:soul_fire":5,"minecraft:torch":11,"minecraft:chest":2,"minecraft:nether_quartz_ore":99,"minecraft:cobblestone":21,"minecraft:sugar_cane":24,"minecraft:oak_planks":9,"minecraft:wall_torch":14,"minecraft:repeater":1,"minecraft:birch_log":3,"minecraft:magenta_bed":1,"minecraft:oak_log":54,"minecraft:sand":28,"minecraft:dirt":959,"minecraft:stonecutter":5,"minecraft:ancient_debris":5,"minecraft:netherrack":950,"minecraft:piston":2,"minecraft:oak_leaves":4,"minecraft:deepslate":37,"minecraft:nether_gold_ore":12,"minecraft:tuff":3,"minecraft:mossy_cobblestone":26,"minecraft:deepslate_diamond_ore":15,"minecraft:decorated_pot":21,"minecraft:redstone_wire":1,"minecraft:hay_block":72,"minecraft:redstone_ore":2,"minecraft:oak_trapdoor":2,"minecraft:furnace":4,"minecraft:waxed_copper_grate":2,"minecraft:andesite":1,"minecraft:nether_brick_fence":1,"minecraft:potatoes":222,"minecraft:deepslate_iron_ore":13,"minecraft:stone":443,"minecraft:smithing_table":17,"minecraft:oak_slab":1,"minecraft:soul_sand":6,"minecraft:basalt":54,"minecraft:observer":4,"minecraft:oak_fence":12,"minecraft:crafting_table":7,"minecraft:short_grass":81,"minecraft:lectern":4,"minecraft:tall_grass":11,"minecraft:copper_ore":23,"minecraft:deepslate_gold_ore":20,"minecraft:diorite":45,"minecraft:blue_bed":10,"minecraft:waxed_oxidized_copper_grate":1,"minecraft:white_carpet":2,"minecraft:birch_leaves":1,"minecraft:coal_ore":101,"minecraft:gravel":12},"minecraft:custom":{"minecraft:interact_with_crafting_table":81,"minecraft:open_barrel":14,"minecraft:leave_game":7,"minecraft:time_since_death":935,"minecraft:sprint_one_cm":1340737,"minecraft:damage_blocked_by_shield":3750,"minecraft:drop":263,"minecraft:talked_to_villager":36,"minecraft:play_time":444792,"minecraft:deaths":12,"minecraft:jump":6326,"minecraft:interact_with_brewingstand":1,"minecraft:walk_on_water_one_cm":87481,"minecraft:enchant_item":7,"minecraft:interact_with_furnace":47,"minecraft:traded_with_villager":1,"minecraft:sleep_in_bed":12,"minecraft:damage_dealt":39400,"minecraft:player_kills":3,"minecraft:crouch_one_cm":25972,"minecraft:inspect_dispenser":3,"minecraft:interact_with_smithing_table":3,"minecraft:mob_kills":245,"minecraft:interact_with_anvil":7,"minecraft:inspect_hopper":1,"minecraft:climb_one_cm":12876,"minecraft:walk_one_cm":1002834,"minecraft:sneak_time":13689,"minecraft:walk_under_water_one_cm":18842,"minecraft:boat_one_cm":5494,"minecraft:total_world_time":444792,"minecraft:interact_with_grindstone":1,"minecraft:interact_with_stonecutter":1,"minecraft:time_since_rest":964,"minecraft:damage_taken":13624,"minecraft:swim_one_cm":49366,"minecraft:fly_one_cm":1041259,"minecraft:open_chest":328,"minecraft:fall_one_cm":180481},"minecraft:broken":{"minecraft:iron_shovel":6,"minecraft:iron_boots":2,"minecraft:golden_shovel":1,"minecraft:iron_leggings":2,"minecraft:iron_sword":1,"minecraft:wooden_axe":1,"minecraft:flint_and_steel":1,"minecraft:iron_pickaxe":2,"minecraft:iron_helmet":2,"minecraft:golden_pickaxe":1},"minecraft:crafted":{"minecraft:oak_planks":216,"minecraft:mace":1,"minecraft:hopper":3,"minecraft:glass":26,"minecraft:diamond_helmet":1,"minecraft:diamond_leggings":1,"minecraft:iron_boots":1,"minecraft:chest":4,"minecraft:crafting_table":3,"minecraft:wooden_pickaxe":1,"minecraft:iron_helmet":1,"minecraft:iron_chestplate":1,"minecraft:wooden_hoe":1,"minecraft:diamond_pickaxe":1,"minecraft:stick":92,"minecraft:iron_ingot":35,"minecraft:iron_pickaxe":3,"minecraft:iron_block":3,"minecraft:furnace":3,"minecraft:piston":17,"minecraft:bone_meal":84,"minecraft:iron_axe":1,"minecraft:diamond_boots":1,"minecraft:observer":17,"minecraft:wheat":234,"minecraft:coal_block":7,"minecraft:diamond_sword":2,"minecraft:iron_sword":2,"minecraft:bucket":1,"minecraft:stone_axe":2,"minecraft:enchanted_book":1,"minecraft:bread":78,"minecraft:air":0,"minecraft:wooden_axe":1,"minecraft:iron_shovel":9,"minecraft:iron_leggings":1,"minecraft:anvil":1,"minecraft:white_bed":1,"minecraft:torch":8,"minecraft:diamond_chestplate":1},"minecraft:killed":{"minecraft:spider":5,"minecraft:skeleton":120,"minecraft:chicken":1,"minecraft:piglin":1,"minecraft:pig":2,"minecraft:iron_golem":5,"minecraft:creeper":1,"minecraft:sheep":5,"minecraft:zombie":54,"minecraft:stray":25,"minecraft:glow_squid":1,"minecraft:blaze":1,"minecraft:cow":1,"minecraft:slime":2,"minecraft:phantom":1,"minecraft:horse":4,"minecraft:husk":7,"minecraft:bat":1,"minecraft:breeze":3},"minecraft:picked_up":{"minecraft:iron_chestplate":6,"minecraft:nether_brick_fence":1,"minecraft:smithing_table":16,"minecraft:diamond_sword":3,"minecraft:potion":4,"minecraft:enchanted_book":4,"minecraft:nether_brick":4,"minecraft:string":16,"minecraft:soul_soil":2,"minecraft:raw_copper":150,"minecraft:iron_leggings":4,"minecraft:diamond_leggings":5,"minecraft:gold_nugget":123,"minecraft:cobbled_deepslate":45,"minecraft:bucket":2,"minecraft:trial_key":11,"minecraft:iron_pickaxe":11,"minecraft:coal_block":5,"minecraft:iron_boots":2,"minecraft:furnace":4,"minecraft:tipped_arrow":25,"minecraft:stick":35,"minecraft:oak_fence":12,"minecraft:torch":63,"minecraft:green_bed":1,"minecraft:porkchop":5,"minecraft:waxed_copper_grate":2,"minecraft:diorite":51,"minecraft:golden_chestplate":2,"minecraft:rotten_flesh":102,"minecraft:honey_bottle":9,"minecraft:blaze_rod":1,"minecraft:cobblestone":695,"minecraft:birch_log":7,"minecraft:magma_block":3,"minecraft:feather":6,"minecraft:cooked_beef":8,"minecraft:repeater":1,"minecraft:water_bucket":4,"minecraft:andesite":1,"minecraft:golden_leggings":1,"minecraft:potato":402,"minecraft:flint":10,"minecraft:tuff":9,"minecraft:magenta_bed":1,"minecraft:dirt":2421,"minecraft:lapis_lazuli":6,"minecraft:bone":68,"minecraft:bow":12,"minecraft:stonecutter":5,"minecraft:wheat_seeds":18,"minecraft:raw_gold":20,"minecraft:bell":1,"minecraft:bolt_armor_trim_smithing_template":3,"minecraft:diamond_helmet":5,"minecraft:oak_planks":69,"minecraft:scrape_pottery_sherd":5,"minecraft:music_disc_13":3,"minecraft:poisonous_potato":1,"minecraft:sand":28,"minecraft:spectral_arrow":8,"minecraft:mossy_cobblestone":48,"minecraft:diamond":31,"minecraft:waxed_oxidized_copper_grate":1,"minecraft:breeze_rod":18,"minecraft:crossbow":4,"minecraft:granite":104,"minecraft:white_concrete":1,"minecraft:emerald":26,"minecraft:bread":56,"minecraft:netherrack":1436,"minecraft:ominous_trial_key":3,"minecraft:diamond_pickaxe":7,"minecraft:crafting_table":7,"minecraft:ominous_bottle":7,"minecraft:chicken":3,"minecraft:golden_pickaxe":1,"minecraft:shield":13,"minecraft:brick":45,"minecraft:wind_charge":12,"minecraft:cornflower":2,"minecraft:oak_trapdoor":2,"minecraft:red_bed":3,"minecraft:iron_axe":7,"minecraft:white_carpet":2,"minecraft:iron_shovel":17,"minecraft:blackstone":32,"minecraft:beef":1,"minecraft:oak_boat":2,"minecraft:observer":4,"minecraft:poppy":3,"minecraft:lectern":5,"minecraft:guster_pottery_sherd":1,"minecraft:sugar_cane":44,"minecraft:chest":2,"minecraft:piston":2,"minecraft:phantom_membrane":3,"minecraft:raw_iron":87,"minecraft:flow_pottery_sherd":3,"minecraft:mace":1,"minecraft:carrot":1,"minecraft:redstone":11,"minecraft:dark_oak_planks":2,"minecraft:arrow":290,"minecraft:diamond_chestplate":5,"minecraft:decorated_pot":16,"minecraft:diamond_boots":5,"minecraft:hay_block":75,"minecraft:gold_ingot":4,"minecraft:tuff_bricks":7,"minecraft:mutton":11,"minecraft:bone_block":2,"minecraft:rail":6,"minecraft:white_wool":8,"minecraft:basalt":77,"minecraft:golden_carrot":13,"minecraft:glow_ink_sac":4,"minecraft:leather":4,"minecraft:oak_log":54,"minecraft:ancient_debris":6,"minecraft:gunpowder":1,"minecraft:blue_bed":11,"minecraft:stone_pickaxe":2,"minecraft:iron_ingot":31,"minecraft:soul_sand":11,"minecraft:iron_sword":4,"minecraft:book":32,"minecraft:scaffolding":14,"minecraft:oak_slab":1,"minecraft:heavy_core":1,"minecraft:quartz":207,"minecraft:gravel":35,"minecraft:white_bed":11,"minecraft:spider_eye":3,"minecraft:slime_ball":9,"minecraft:stone_axe":1,"minecraft:iron_helmet":4,"minecraft:diamond_axe":1,"minecraft:baked_potato":67,"minecraft:coal":110,"minecraft:hopper":2,"minecraft:ender_pearl":1}},"DataVersion":3953}