{"stats":{"minecraft:killed_by":{"minecraft:magma_cube":1,"minecraft:zombie":3,"minecraft:husk":1,"minecraft:player":2},"minecraft:used":{"minecraft:iron_shovel":1584,"minecraft:poppy":1,"minecraft:shield":146,"minecraft:decorated_pot":13,"minecraft:chest":1,"minecraft:iron_sword":432,"minecraft:iron_chestplate":6,"minecraft:carrot":1,"minecraft:tuff":6,"minecraft:iron_helmet":3,"minecraft:hay_block":3,"minecraft:ominous_bottle":3,"minecraft:furnace":7,"minecraft:potato":113,"minecraft:diorite":2,"minecraft:stone_pickaxe":33,"minecraft:oak_planks":92,"minecraft:blue_bed":11,"minecraft:sugar_cane":30,"minecraft:sand":28,"minecraft:crossbow":16,"minecraft:mace":36,"minecraft:bread":87,"minecraft:lectern":3,"minecraft:andesite":1,"minecraft:oak_boat":2,"minecraft:golden_pickaxe":24,"minecraft:oak_trapdoor":2,"minecraft:redstone":17,"minecraft:trial_key":9,"minecraft:netherrack":115,"minecraft:torch":23,"minecraft:dirt":734,"minecraft:anvil":1,"minecraft:hopper":4,"minecraft:golden_shovel":32,"minecraft:granite":4,"minecraft:iron_hoe":4,"minecraft:wooden_axe":32,"minecraft:iron_axe":196,"minecraft:iron_boots":2,"minecraft:basalt":32,"minecraft:golden_carrot":11,"minecraft:cooked_beef":4,"minecraft:cobbled_deepslate":42,"minecraft:observer":21,"minecraft:iron_leggings":1,"minecraft:water_bucket":5,"minecraft:baked_potato":76,"minecraft:stonecutter":1,"minecraft:green_bed":1,"minecraft:oak_slab":1,"minecraft:crafting_table":10,"minecraft:red_bed":1,"minecraft:magenta_bed":1,"minecraft:white_bed":7,"minecraft:piston":19,"minecraft:wooden_hoe":34,"minecraft:diamond_pickaxe":949,"minecraft:ominous_trial_key":1,"minecraft:wind_charge":10,"minecraft:iron_pickaxe":602,"minecraft:golden_leggings":1,"minecraft:stone_axe":58,"minecraft:cobblestone":6,"minecraft:bucket":5},"minecraft:dropped":{"minecraft:ominous_bottle":2,"minecraft:diamond_axe":1,"minecraft:glow_ink_sac":1,"minecraft:decorated_pot":2,"minecraft:leather":2,"minecraft:dirt":213,"minecraft:mace":1,"minecraft:cornflower":2,"minecraft:mutton":7,"minecraft:scrape_pottery_sherd":1,"minecraft:iron_pickaxe":5,"minecraft:birch_log":2,"minecraft:bone":12,"minecraft:stone_axe":3,"minecraft:blackstone":9,"minecraft:sugar_cane":2,"minecraft:rotten_flesh":38,"minecraft:wind_charge":1,"minecraft:poppy":1,"minecraft:tipped_arrow":10,"minecraft:breeze_rod":1,"minecraft:basalt":1,"minecraft:arrow":25,"minecraft:beef":1,"minecraft:netherrack":291,"minecraft:wheat_seeds":4,"minecraft:diamond_leggings":1,"minecraft:oak_fence":12,"minecraft:iron_helmet":1,"minecraft:granite":10,"minecraft:coal":11,"minecraft:stick":14,"minecraft:wooden_hoe":1,"minecraft:diamond_helmet":1,"minecraft:potion":1,"minecraft:string":8,"minecraft:tuff_bricks":3,"minecraft:soul_soil":2,"minecraft:shield":2,"minecraft:trial_key":1,"minecraft:diamond_chestplate":1,"minecraft:iron_chestplate":3,"minecraft:diamond_pickaxe":1,"minecraft:golden_leggings":3,"minecraft:spider_eye":3,"minecraft:diamond_boots":1,"minecraft:bow":2,"minecraft:wooden_pickaxe":1,"minecraft:bell":1,"minecraft:brick":25},"minecraft:mined":{"minecraft:dark_oak_planks":1,"minecraft:white_bed":7,"minecraft:granite":87,"minecraft:potted_dead_bush":2,"minecraft:grass_block":801,"minecraft:white_concrete":1,"minecraft:soul_soil":1,"minecraft:hopper":2,"minecraft:magma_block":3,"minecraft:fire":39,"minecraft:iron_ore":50,"minecraft:cobbled_deepslate":5,"minecraft:dirt_path":5,"minecraft:green_bed":1,"minecraft:red_bed":2,"minecraft:blackstone":15,"minecraft:soul_fire":3,"minecraft:torch":7,"minecraft:chest":1,"minecraft:nether_quartz_ore":97,"minecraft:cobblestone":2,"minecraft:oak_planks":9,"minecraft:sugar_cane":21,"minecraft:wall_torch":8,"minecraft:birch_log":2,"minecraft:magenta_bed":1,"minecraft:oak_log":54,"minecraft:sand":28,"minecraft:dirt":869,"minecraft:stonecutter":1,"minecraft:ancient_debris":5,"minecraft:netherrack":678,"minecraft:piston":2,"minecraft:oak_leaves":4,"minecraft:deepslate":37,"minecraft:nether_gold_ore":12,"minecraft:tuff":3,"minecraft:mossy_cobblestone":4,"minecraft:deepslate_diamond_ore":15,"minecraft:decorated_pot":21,"minecraft:hay_block":72,"minecraft:redstone_ore":2,"minecraft:oak_trapdoor":2,"minecraft:furnace":4,"minecraft:waxed_copper_grate":2,"minecraft:andesite":1,"minecraft:potatoes":112,"minecraft:deepslate_iron_ore":13,"minecraft:stone":337,"minecraft:oak_slab":1,"minecraft:soul_sand":6,"minecraft:basalt":54,"minecraft:observer":4,"minecraft:oak_fence":12,"minecraft:crafting_table":7,"minecraft:short_grass":80,"minecraft:lectern":2,"minecraft:copper_ore":23,"minecraft:tall_grass":11,"minecraft:deepslate_gold_ore":20,"minecraft:diorite":2,"minecraft:blue_bed":10,"minecraft:waxed_oxidized_copper_grate":1,"minecraft:coal_ore":101,"minecraft:gravel":11},"minecraft:custom":{"minecraft:interact_with_crafting_table":76,"minecraft:open_barrel":14,"minecraft:leave_game":6,"minecraft:time_since_death":94995,"minecraft:sprint_one_cm":1026778,"minecraft:damage_blocked_by_shield":3750,"minecraft:drop":142,"minecraft:talked_to_villager":13,"minecraft:play_time":334105,"minecraft:deaths":9,"minecraft:jump":5053,"minecraft:walk_on_water_one_cm":66438,"minecraft:enchant_item":2,"minecraft:interact_with_furnace":34,"minecraft:traded_with_villager":1,"minecraft:sleep_in_bed":11,"minecraft:damage_dealt":28828,"minecraft:crouch_one_cm":18067,"minecraft:inspect_dispenser":3,"minecraft:interact_with_smithing_table":1,"minecraft:interact_with_anvil":7,"minecraft:mob_kills":136,"minecraft:climb_one_cm":12876,"minecraft:walk_one_cm":842214,"minecraft:sneak_time":10900,"minecraft:walk_under_water_one_cm":18035,"minecraft:boat_one_cm":5494,"minecraft:total_world_time":334105,"minecraft:time_since_rest":59754,"minecraft:damage_taken":11451,"minecraft:swim_one_cm":45259,"minecraft:fly_one_cm":772151,"minecraft:open_chest":224,"minecraft:fall_one_cm":155609},"minecraft:broken":{"minecraft:iron_shovel":6,"minecraft:iron_boots":2,"minecraft:golden_shovel":1,"minecraft:iron_leggings":2,"minecraft:iron_sword":1,"minecraft:wooden_axe":1,"minecraft:iron_pickaxe":2,"minecraft:iron_helmet":2,"minecraft:golden_pickaxe":1},"minecraft:crafted":{"minecraft:oak_planks":216,"minecraft:mace":1,"minecraft:hopper":2,"minecraft:diamond_helmet":1,"minecraft:diamond_leggings":1,"minecraft:iron_boots":1,"minecraft:chest":2,"minecraft:crafting_table":3,"minecraft:wooden_pickaxe":1,"minecraft:iron_helmet":1,"minecraft:iron_chestplate":1,"minecraft:wooden_hoe":1,"minecraft:diamond_pickaxe":1,"minecraft:stick":92,"minecraft:iron_ingot":35,"minecraft:iron_pickaxe":3,"minecraft:iron_block":3,"minecraft:furnace":3,"minecraft:piston":17,"minecraft:bone_meal":84,"minecraft:iron_axe":1,"minecraft:diamond_boots":1,"minecraft:observer":17,"minecraft:wheat":234,"minecraft:coal_block":7,"minecraft:diamond_sword":2,"minecraft:iron_sword":2,"minecraft:bucket":1,"minecraft:stone_axe":2,"minecraft:enchanted_book":1,"minecraft:bread":78,"minecraft:air":0,"minecraft:wooden_axe":1,"minecraft:iron_shovel":6,"minecraft:iron_leggings":1,"minecraft:anvil":1,"minecraft:white_bed":1,"minecraft:torch":8,"minecraft:diamond_chestplate":1},"minecraft:killed":{"minecraft:spider":5,"minecraft:skeleton":18,"minecraft:pig":2,"minecraft:iron_golem":4,"minecraft:creeper":1,"minecraft:sheep":5,"minecraft:zombie":52,"minecraft:stray":25,"minecraft:glow_squid":1,"minecraft:cow":1,"minecraft:slime":2,"minecraft:horse":4,"minecraft:husk":7,"minecraft:bat":1,"minecraft:breeze":3},"minecraft:picked_up":{"minecraft:iron_chestplate":6,"minecraft:enchanted_book":4,"minecraft:potion":4,"minecraft:string":8,"minecraft:soul_soil":2,"minecraft:raw_copper":150,"minecraft:iron_leggings":4,"minecraft:diamond_leggings":2,"minecraft:gold_nugget":99,"minecraft:cobbled_deepslate":45,"minecraft:bucket":2,"minecraft:trial_key":11,"minecraft:iron_pickaxe":8,"minecraft:coal_block":5,"minecraft:iron_boots":2,"minecraft:furnace":4,"minecraft:tipped_arrow":25,"minecraft:oak_fence":12,"minecraft:torch":47,"minecraft:green_bed":1,"minecraft:porkchop":5,"minecraft:waxed_copper_grate":2,"minecraft:diorite":2,"minecraft:honey_bottle":9,"minecraft:rotten_flesh":90,"minecraft:cobblestone":506,"minecraft:birch_log":4,"minecraft:magma_block":3,"minecraft:cooked_beef":8,"minecraft:andesite":1,"minecraft:golden_leggings":1,"minecraft:potato":224,"minecraft:flint":4,"minecraft:tuff":9,"minecraft:magenta_bed":1,"minecraft:dirt":2242,"minecraft:lapis_lazuli":6,"minecraft:bone":61,"minecraft:stonecutter":1,"minecraft:bow":8,"minecraft:wheat_seeds":18,"minecraft:raw_gold":20,"minecraft:bell":1,"minecraft:bolt_armor_trim_smithing_template":3,"minecraft:diamond_helmet":2,"minecraft:oak_planks":69,"minecraft:scrape_pottery_sherd":5,"minecraft:sand":28,"minecraft:mossy_cobblestone":4,"minecraft:diamond":31,"minecraft:waxed_oxidized_copper_grate":1,"minecraft:breeze_rod":18,"minecraft:crossbow":4,"minecraft:granite":97,"minecraft:white_concrete":1,"minecraft:bread":56,"minecraft:emerald":26,"minecraft:netherrack":757,"minecraft:ominous_trial_key":3,"minecraft:diamond_pickaxe":2,"minecraft:crafting_table":7,"minecraft:ominous_bottle":7,"minecraft:golden_pickaxe":1,"minecraft:shield":10,"minecraft:brick":45,"minecraft:wind_charge":12,"minecraft:cornflower":2,"minecraft:oak_trapdoor":2,"minecraft:red_bed":2,"minecraft:iron_axe":5,"minecraft:iron_shovel":10,"minecraft:blackstone":14,"minecraft:beef":1,"minecraft:oak_boat":2,"minecraft:observer":4,"minecraft:poppy":2,"minecraft:lectern":3,"minecraft:guster_pottery_sherd":1,"minecraft:sugar_cane":28,"minecraft:chest":1,"minecraft:piston":2,"minecraft:raw_iron":87,"minecraft:flow_pottery_sherd":3,"minecraft:mace":1,"minecraft:carrot":1,"minecraft:redstone":10,"minecraft:dark_oak_planks":2,"minecraft:arrow":124,"minecraft:diamond_chestplate":2,"minecraft:decorated_pot":16,"minecraft:diamond_boots":2,"minecraft:hay_block":75,"minecraft:tuff_bricks":7,"minecraft:mutton":11,"minecraft:bone_block":2,"minecraft:white_wool":8,"minecraft:basalt":55,"minecraft:golden_carrot":13,"minecraft:glow_ink_sac":4,"minecraft:leather":4,"minecraft:oak_log":54,"minecraft:ancient_debris":5,"minecraft:gunpowder":1,"minecraft:blue_bed":10,"minecraft:iron_ingot":26,"minecraft:stone_pickaxe":2,"minecraft:soul_sand":7,"minecraft:iron_sword":4,"minecraft:book":32,"minecraft:oak_slab":1,"minecraft:scaffolding":14,"minecraft:heavy_core":1,"minecraft:quartz":160,"minecraft:gravel":8,"minecraft:white_bed":8,"minecraft:spider_eye":3,"minecraft:slime_ball":9,"minecraft:stone_axe":1,"minecraft:iron_helmet":4,"minecraft:diamond_axe":1,"minecraft:baked_potato":57,"minecraft:coal":110,"minecraft:hopper":2,"minecraft:ender_pearl":1}},"DataVersion":3953}