{"stats":{"minecraft:crafted":{"minecraft:oak_planks":16,"minecraft:diamond_sword":1,"minecraft:emerald":68,"minecraft:diamond_axe":1,"minecraft:crafting_table":1,"minecraft:wooden_pickaxe":1,"minecraft:iron_helmet":1,"minecraft:iron_sword":1,"minecraft:stone_axe":1,"minecraft:diamond_helmet":1,"minecraft:diamond_leggings":1,"minecraft:iron_boots":1,"minecraft:iron_chestplate":1,"minecraft:diamond_pickaxe":1,"minecraft:shield":1,"minecraft:iron_axe":1,"minecraft:stick":20,"minecraft:iron_pickaxe":1,"minecraft:stone_pickaxe":1,"minecraft:stone_sword":1,"minecraft:diamond_boots":1,"minecraft:iron_leggings":1,"minecraft:torch":76,"minecraft:birch_sign":3,"minecraft:diamond_chestplate":1},"minecraft:picked_up":{"minecraft:iron_chestplate":1,"minecraft:crafting_table":2,"minecraft:wheat":11,"minecraft:diamond_sword":1,"minecraft:oak_log":4,"minecraft:shield":1,"minecraft:dirt":12,"minecraft:string":1,"minecraft:iron_axe":1,"minecraft:iron_leggings":1,"minecraft:wheat_seeds":30,"minecraft:diamond_leggings":1,"minecraft:iron_ingot":32,"minecraft:iron_pickaxe":1,"minecraft:diamond_helmet":1,"minecraft:minecart":4,"minecraft:moss_block":1,"minecraft:iron_sword":1,"minecraft:oak_planks":16,"minecraft:iron_boots":1,"minecraft:stick":34,"minecraft:raw_iron":7,"minecraft:torch":6,"minecraft:diorite":3,"minecraft:diamond_chestplate":1,"minecraft:diamond_boots":1,"minecraft:iron_helmet":1,"minecraft:diamond_axe":1,"minecraft:emerald":7,"minecraft:baked_potato":122,"minecraft:oak_sapling":1,"minecraft:coal":10,"minecraft:cobblestone":64,"minecraft:diamond_pickaxe":3},"minecraft:used":{"minecraft:wheat_seeds":13,"minecraft:stone_sword":6,"minecraft:stone_pickaxe":34,"minecraft:baked_potato":4,"minecraft:wooden_pickaxe":9,"minecraft:diamond_axe":1,"minecraft:torch":7,"minecraft:dirt":10,"minecraft:crafting_table":2,"minecraft:birch_sign":1,"minecraft:diamond_helmet":1,"minecraft:diamond_pickaxe":12,"minecraft:iron_pickaxe":12,"minecraft:diamond_chestplate":1,"minecraft:stone_axe":1,"minecraft:diamond_sword":2,"minecraft:cobblestone":3,"minecraft:minecart":4,"minecraft:diamond_leggings":1},"minecraft:custom":{"minecraft:interact_with_smithing_table":1,"minecraft:interact_with_furnace":1,"minecraft:mob_kills":1,"minecraft:traded_with_villager":70,"minecraft:interact_with_crafting_table":6,"minecraft:leave_game":2,"minecraft:time_since_death":14380,"minecraft:time_since_rest":14424,"minecraft:sprint_one_cm":143252,"minecraft:damage_taken":586,"minecraft:walk_one_cm":201540,"minecraft:drop":1,"minecraft:minecart_one_cm":44,"minecraft:damage_dealt":238,"minecraft:swim_one_cm":1593,"minecraft:talked_to_villager":22,"minecraft:fly_one_cm":72943,"minecraft:open_chest":68,"minecraft:crouch_one_cm":4266,"minecraft:play_time":66011,"minecraft:deaths":3,"minecraft:sneak_time":2030,"minecraft:walk_under_water_one_cm":828,"minecraft:jump":469,"minecraft:walk_on_water_one_cm":581,"minecraft:total_world_time":66011,"minecraft:fall_one_cm":11881},"minecraft:killed":{"minecraft:spider":1},"minecraft:mined":{"minecraft:crafting_table":2,"minecraft:torch":4,"minecraft:short_grass":28,"minecraft:tall_grass":10,"minecraft:cobblestone":5,"minecraft:oak_planks":1,"minecraft:moss_block":1,"minecraft:wall_torch":4,"minecraft:iron_ore":7,"minecraft:wheat":13,"minecraft:coal_ore":10,"minecraft:oak_log":4,"minecraft:dirt":11,"minecraft:stone":42,"minecraft:oak_leaves":2},"minecraft:killed_by":{"minecraft:player":1,"minecraft:zombie":1},"minecraft:dropped":{"minecraft:iron_ingot":32}},"DataVersion":3953}