{"stats":{"minecraft:crafted":{"minecraft:oak_planks":1020,"minecraft:cobblestone_slab":2730,"minecraft:barrel":4,"minecraft:oak_sign":30,"minecraft:blaze_powder":4,"minecraft:birch_slab":18,"minecraft:stone":96,"minecraft:lever":1,"minecraft:diamond_shovel":2,"minecraft:bookshelf":6,"minecraft:glass":487,"minecraft:hopper":26,"minecraft:diamond_helmet":3,"minecraft:repeater":24,"minecraft:bow":1,"minecraft:diamond_leggings":2,"minecraft:iron_boots":2,"minecraft:comparator":1,"minecraft:stone_pressure_plate":2,"minecraft:chest":50,"minecraft:oak_button":8,"minecraft:rail":320,"minecraft:glass_bottle":3,"minecraft:dropper":1,"minecraft:oak_slab":42,"minecraft:emerald":3,"minecraft:crafting_table":2,"minecraft:baked_potato":891,"minecraft:wooden_pickaxe":1,"minecraft:iron_helmet":3,"minecraft:fletching_table":1,"minecraft:brewing_stand":1,"minecraft:cartography_table":1,"minecraft:dispenser":10,"minecraft:lectern":3,"minecraft:book":1,"minecraft:iron_chestplate":1,"minecraft:paper":6,"minecraft:diamond_pickaxe":2,"minecraft:shield":1,"minecraft:stick":424,"minecraft:iron_ingot":238,"minecraft:iron_pickaxe":1,"minecraft:iron_block":21,"minecraft:stone_sword":1,"minecraft:gold_ingot":96,"minecraft:redstone_torch":64,"minecraft:shears":1,"minecraft:wooden_sword":1,"minecraft:coal":18,"minecraft:bamboo_button":3,"minecraft:furnace":2,"minecraft:bone_meal":1089,"minecraft:white_carpet":3,"minecraft:oak_trapdoor":14,"minecraft:flint_and_steel":4,"minecraft:scaffolding":646,"minecraft:diamond":9,"minecraft:detector_rail":12,"minecraft:iron_axe":1,"minecraft:iron_hoe":1,"minecraft:stone_pickaxe":1,"minecraft:diamond_boots":2,"minecraft:lead":4,"minecraft:minecart":8,"minecraft:observer":10,"minecraft:wheat":675,"minecraft:sugar":1,"minecraft:diamond_sword":1,"minecraft:enchanting_table":1,"minecraft:powered_rail":12,"minecraft:iron_sword":1,"minecraft:bucket":1,"minecraft:stone_axe":1,"minecraft:enchanted_book":1,"minecraft:bread":233,"minecraft:air":0,"minecraft:oak_boat":4,"minecraft:fermented_spider_eye":1,"minecraft:wooden_axe":1,"minecraft:iron_shovel":3,"minecraft:iron_leggings":1,"minecraft:torch":212,"minecraft:diamond_chestplate":3},"minecraft:picked_up":{"minecraft:iron_chestplate":4,"minecraft:chainmail_boots":1,"minecraft:flower_pot":4,"minecraft:anvil":1,"minecraft:smithing_table":4,"minecraft:diamond_sword":12,"minecraft:oak_stairs":2,"minecraft:brown_bed":2,"minecraft:enchanted_book":2,"minecraft:potion":3,"minecraft:nether_brick":2,"minecraft:brewing_stand":1,"minecraft:amethyst_block":18,"minecraft:string":50,"minecraft:soul_soil":24,"minecraft:waxed_cut_copper_slab":1,"minecraft:raw_copper":2,"minecraft:smooth_stone_slab":1,"minecraft:iron_leggings":1,"minecraft:red_candle":7,"minecraft:oak_sign":7,"minecraft:diamond_leggings":7,"minecraft:gold_nugget":19,"minecraft:cobbled_deepslate":729,"minecraft:bucket":2,"minecraft:trial_key":16,"minecraft:cobblestone_slab":107,"minecraft:calcite":8,"minecraft:iron_pickaxe":4,"minecraft:iron_boots":3,"minecraft:furnace":9,"minecraft:tipped_arrow":71,"minecraft:stick":56,"minecraft:oak_fence":2,"minecraft:torch":201,"minecraft:green_bed":4,"minecraft:porkchop":6,"minecraft:pointed_dripstone":1,"minecraft:diorite":29,"minecraft:golden_chestplate":2,"minecraft:zombie_spawn_egg":1,"minecraft:rotten_flesh":247,"minecraft:honey_bottle":8,"minecraft:iron_block":39,"minecraft:carved_pumpkin":5,"minecraft:blaze_rod":4,"minecraft:obsidian":14,"minecraft:cobblestone":4097,"minecraft:birch_log":8,"minecraft:enchanting_table":2,"minecraft:leather_chestplate":2,"minecraft:cooked_beef":2,"minecraft:magma_cream":3,"minecraft:repeater":1,"minecraft:iron_door":1,"minecraft:water_bucket":8,"minecraft:andesite":14,"minecraft:golden_leggings":2,"minecraft:potato":2111,"minecraft:flint":4,"minecraft:tuff":18,"minecraft:magenta_bed":2,"minecraft:lapis_lazuli":1327,"minecraft:dirt":795,"minecraft:name_tag":1,"minecraft:glass":150,"minecraft:bone":128,"minecraft:stonecutter":4,"minecraft:bow":19,"minecraft:wheat_seeds":92,"minecraft:raw_gold":321,"minecraft:bell":1,"minecraft:guster_banner_pattern":2,"minecraft:diamond_helmet":5,"minecraft:fletching_table":4,"minecraft:glowstone_dust":29,"minecraft:bamboo":3876,"minecraft:powered_rail":12,"minecraft:oak_planks":101,"minecraft:scrape_pottery_sherd":4,"minecraft:poisonous_potato":15,"minecraft:sand":513,"minecraft:ink_sac":1,"minecraft:dead_bush":4,"minecraft:grass_block":1929,"minecraft:diamond_block":1,"minecraft:spectral_arrow":8,"minecraft:dark_oak_log":2,"minecraft:barrel":3,"minecraft:iron_hoe":1,"minecraft:sugar":15,"minecraft:diamond":397,"minecraft:waxed_oxidized_copper_grate":4,"minecraft:granite":65,"minecraft:crossbow":4,"minecraft:breeze_rod":14,"minecraft:bone_meal":4,"minecraft:golden_apple":17,"minecraft:bread":55,"minecraft:emerald":93,"minecraft:music_disc_precipice":2,"minecraft:oak_sapling":44,"minecraft:netherrack":555,"minecraft:ominous_trial_key":3,"minecraft:diamond_pickaxe":11,"minecraft:waxed_oxidized_cut_copper":1,"minecraft:crafting_table":7,"minecraft:azure_bluet":2,"minecraft:ominous_bottle":5,"minecraft:chicken":2,"minecraft:packed_ice":22,"minecraft:wooden_pickaxe":1,"minecraft:diamond_horse_armor":1,"minecraft:brick":401,"minecraft:shield":4,"minecraft:wind_charge":6,"minecraft:cornflower":2,"minecraft:red_bed":9,"minecraft:oak_trapdoor":4,"minecraft:iron_axe":14,"minecraft:snow":3,"minecraft:iron_shovel":1,"minecraft:blackstone":16,"minecraft:cartography_table":3,"minecraft:detector_rail":12,"minecraft:beef":8,"minecraft:oak_boat":19,"minecraft:observer":1,"minecraft:poppy":14,"minecraft:lectern":63,"minecraft:minecart":26,"minecraft:guster_pottery_sherd":6,"minecraft:sugar_cane":44,"minecraft:chest":2,"minecraft:birch_sapling":3,"minecraft:phantom_membrane":4,"minecraft:raw_iron":225,"minecraft:bamboo_hanging_sign":6,"minecraft:spruce_fence":5,"minecraft:flow_pottery_sherd":4,"minecraft:stone_button":2,"minecraft:carrot":15,"minecraft:redstone":1099,"minecraft:music_disc_creator_music_box":3,"minecraft:dark_oak_planks":1,"minecraft:arrow":511,"minecraft:diamond_chestplate":9,"minecraft:beetroot_seeds":5,"minecraft:decorated_pot":3,"minecraft:shears":1,"minecraft:diamond_boots":8,"minecraft:hay_block":29,"minecraft:saddle":1,"minecraft:flow_armor_trim_smithing_template":1,"minecraft:gold_ingot":9,"minecraft:totem_of_undying":11,"minecraft:tuff_bricks":21,"minecraft:mutton":7,"minecraft:rail":462,"minecraft:white_wool":4,"minecraft:bone_block":65,"minecraft:oxeye_daisy":2,"minecraft:basalt":37,"minecraft:glow_ink_sac":3,"minecraft:leather":9,"minecraft:birch_planks":18,"minecraft:oak_log":249,"minecraft:waxed_copper_block":15,"minecraft:yellow_bed":6,"minecraft:gunpowder":38,"minecraft:blue_bed":14,"minecraft:white_banner":8,"minecraft:apple":7,"minecraft:iron_ingot":200,"minecraft:cooked_chicken":7,"minecraft:glass_bottle":2,"minecraft:iron_sword":4,"minecraft:soul_sand":14,"minecraft:book":42,"minecraft:scaffolding":134,"minecraft:oak_slab":14,"minecraft:smooth_basalt":7,"minecraft:sweet_berries":2,"minecraft:birch_boat":1,"minecraft:pumpkin":4,"minecraft:quartz":278,"minecraft:dandelion":12,"minecraft:dripstone_block":1,"minecraft:gravel":97,"minecraft:lava_bucket":2,"minecraft:white_bed":24,"minecraft:spider_eye":6,"minecraft:diamond_shovel":9,"minecraft:pumpkin_seeds":24,"minecraft:slime_ball":44,"minecraft:stone_axe":2,"minecraft:iron_helmet":8,"minecraft:diamond_axe":7,"minecraft:gray_wool":1,"minecraft:oak_button":34,"minecraft:baked_potato":287,"minecraft:chiseled_tuff_bricks":7,"minecraft:coal":1481,"minecraft:hopper":3,"minecraft:ender_pearl":5},"minecraft:used":{"minecraft:moss_block":4,"minecraft:tuff_bricks":20,"minecraft:iron_shovel":314,"minecraft:dispenser":10,"minecraft:oak_sign":47,"minecraft:decorated_pot":1,"minecraft:chest":41,"minecraft:shield":13,"minecraft:stone":1,"minecraft:iron_sword":301,"minecraft:zombie_spawn_egg":7,"minecraft:bell":1,"minecraft:iron_chestplate":2,"minecraft:soul_sand":3,"minecraft:mutton":1,"minecraft:carrot":1,"minecraft:tuff":11,"minecraft:obsidian":10,"minecraft:glass":857,"minecraft:lava_bucket":4,"minecraft:grass_block":1790,"minecraft:villager_spawn_egg":15,"minecraft:iron_helmet":2,"minecraft:repeater":38,"minecraft:bow":504,"minecraft:scaffolding":134,"minecraft:ominous_bottle":2,"minecraft:furnace":11,"minecraft:potato":739,"minecraft:diamond_boots":2,"minecraft:dropper":1,"minecraft:stone_pickaxe":48,"minecraft:powered_rail":12,"minecraft:oak_planks":68,"minecraft:ender_pearl":3,"minecraft:wooden_pickaxe":23,"minecraft:diamond_axe":744,"minecraft:sugar_cane":119,"minecraft:blue_bed":10,"minecraft:sand":187,"minecraft:blue_ice":5,"minecraft:sponge":36,"minecraft:shears":3,"minecraft:lever":1,"minecraft:birch_slab":1,"minecraft:bread":94,"minecraft:lectern":64,"minecraft:oak_pressure_plate":5,"minecraft:gravel":2,"minecraft:chiseled_tuff_bricks":5,"minecraft:diamond_sword":937,"minecraft:wooden_sword":5,"minecraft:grindstone":1,"minecraft:smithing_table":3,"minecraft:oak_boat":12,"minecraft:smooth_stone_slab":1,"minecraft:bone_meal":869,"minecraft:oak_fence":31,"minecraft:oak_trapdoor":7,"minecraft:enchanting_table":4,"minecraft:stone_sword":46,"minecraft:flint_and_steel":129,"minecraft:carved_pumpkin":10,"minecraft:redstone":121,"minecraft:netherrack":4,"minecraft:trial_key":12,"minecraft:torch":356,"minecraft:brewing_stand":1,"minecraft:dirt":1072,"minecraft:anvil":2,"minecraft:white_carpet":3,"minecraft:hopper":47,"minecraft:diamond_helmet":2,"minecraft:granite":7,"minecraft:iron_hoe":114,"minecraft:wooden_axe":1,"minecraft:dark_oak_planks":1,"minecraft:bookshelf":30,"minecraft:iron_block":49,"minecraft:iron_axe":18,"minecraft:bamboo_hanging_sign":3,"minecraft:iron_boots":2,"minecraft:barrel":7,"minecraft:diamond_chestplate":3,"minecraft:basalt":20,"minecraft:soul_soil":23,"minecraft:minecart":22,"minecraft:observer":100,"minecraft:cooked_beef":1,"minecraft:cobbled_deepslate":313,"minecraft:iron_leggings":2,"minecraft:brown_bed":1,"minecraft:pumpkin":4,"minecraft:water_bucket":181,"minecraft:glass_bottle":3,"minecraft:baked_potato":240,"minecraft:cartography_table":3,"minecraft:waxed_oxidized_cut_copper":1,"minecraft:green_bed":2,"minecraft:stonecutter":3,"minecraft:fletching_table":4,"minecraft:cobblestone_slab":3462,"minecraft:waxed_copper_block":9,"minecraft:rail":402,"minecraft:comparator":1,"minecraft:crafting_table":8,"minecraft:oak_slab":8,"minecraft:red_bed":21,"minecraft:magenta_bed":1,"minecraft:white_bed":49,"minecraft:oak_log":43,"minecraft:piston":88,"minecraft:diamond_pickaxe":5373,"minecraft:diamond_shovel":3269,"minecraft:ominous_trial_key":2,"minecraft:wind_charge":1,"minecraft:oak_button":33,"minecraft:iron_pickaxe":222,"minecraft:detector_rail":12,"minecraft:leather_helmet":1,"minecraft:stone_axe":19,"minecraft:fishing_rod":22,"minecraft:cobblestone":691,"minecraft:bucket":89,"minecraft:yellow_bed":7,"minecraft:gray_wool":1,"minecraft:splash_potion":1,"minecraft:diamond_leggings":1},"minecraft:custom":{"minecraft:interact_with_crafting_table":108,"minecraft:open_barrel":26,"minecraft:leave_game":27,"minecraft:time_since_death":94551,"minecraft:sprint_one_cm":2682009,"minecraft:damage_blocked_by_shield":419,"minecraft:drop":391,"minecraft:talked_to_villager":170,"minecraft:play_time":1041668,"minecraft:deaths":9,"minecraft:jump":15872,"minecraft:interact_with_brewingstand":5,"minecraft:walk_on_water_one_cm":145184,"minecraft:enchant_item":31,"minecraft:interact_with_furnace":346,"minecraft:traded_with_villager":7,"minecraft:interact_with_cartography_table":1,"minecraft:sleep_in_bed":10,"minecraft:damage_dealt":83907,"minecraft:player_kills":4,"minecraft:crouch_one_cm":356449,"minecraft:inspect_dispenser":23,"minecraft:interact_with_smithing_table":2,"minecraft:inspect_dropper":1,"minecraft:mob_kills":550,"minecraft:interact_with_anvil":7,"minecraft:inspect_hopper":10,"minecraft:climb_one_cm":27543,"minecraft:walk_one_cm":1566798,"minecraft:raid_win":1,"minecraft:sneak_time":101098,"minecraft:walk_under_water_one_cm":14632,"minecraft:boat_one_cm":217976,"minecraft:total_world_time":1041668,"minecraft:interact_with_grindstone":9,"minecraft:interact_with_stonecutter":2,"minecraft:time_since_rest":94577,"minecraft:damage_taken":17614,"minecraft:swim_one_cm":66827,"minecraft:fly_one_cm":5494478,"minecraft:open_chest":921,"minecraft:fall_one_cm":399234},"minecraft:killed":{"minecraft:cave_spider":3,"minecraft:witch":4,"minecraft:spider":20,"minecraft:skeleton":71,"minecraft:chicken":1,"minecraft:wolf":1,"minecraft:magma_cube":11,"minecraft:pig":3,"minecraft:zombie_villager":5,"minecraft:iron_golem":14,"minecraft:creeper":40,"minecraft:sheep":7,"minecraft:pillager":19,"minecraft:goat":2,"minecraft:zombie":195,"minecraft:donkey":1,"minecraft:ghast":4,"minecraft:stray":36,"minecraft:glow_squid":1,"minecraft:blaze":8,"minecraft:cow":5,"minecraft:evoker":3,"minecraft:vex":5,"minecraft:vindicator":14,"minecraft:slime":16,"minecraft:phantom":13,"minecraft:horse":1,"minecraft:drowned":1,"minecraft:husk":22,"minecraft:ravager":2,"minecraft:hoglin":1,"minecraft:polar_bear":1,"minecraft:breeze":8,"minecraft:wither_skeleton":1,"minecraft:enderman":3},"minecraft:broken":{"minecraft:iron_shovel":1,"minecraft:diamond_helmet":1,"minecraft:iron_sword":1,"minecraft:leather_helmet":1,"minecraft:diamond_chestplate":1,"minecraft:flint_and_steel":2},"minecraft:mined":{"minecraft:dark_oak_planks":1,"minecraft:waxed_cut_copper_slab":1,"minecraft:white_bed":25,"minecraft:farmland":4,"minecraft:brewing_stand":1,"minecraft:obsidian":14,"minecraft:carved_pumpkin":3,"minecraft:granite":62,"minecraft:budding_amethyst":1,"minecraft:grass_block":2111,"minecraft:soul_soil":28,"minecraft:chiseled_tuff_bricks":8,"minecraft:hopper":3,"minecraft:oak_wall_sign":2,"minecraft:oxeye_daisy":1,"minecraft:tuff_bricks":27,"minecraft:spawner":6,"minecraft:bamboo_wall_hanging_sign":3,"minecraft:magma_block":7,"minecraft:glowstone":10,"minecraft:barrel":3,"minecraft:iron_ore":95,"minecraft:fire":24,"minecraft:pumpkin":2,"minecraft:anvil":1,"minecraft:fletching_table":4,"minecraft:deepslate_lapis_ore":74,"minecraft:azure_bluet":4,"minecraft:enchanting_table":2,"minecraft:brown_bed":1,"minecraft:pointed_dripstone":1,"minecraft:oak_sign":1,"minecraft:dirt_path":21,"minecraft:oak_stairs":1,"minecraft:iron_block":19,"minecraft:green_bed":2,"minecraft:deepslate_redstone_ore":161,"minecraft:red_bed":7,"minecraft:powder_snow":1,"minecraft:torch":4,"minecraft:calcite":8,"minecraft:poppy":1,"minecraft:chest":1,"minecraft:glass":16,"minecraft:nether_quartz_ore":31,"minecraft:cobblestone":197,"minecraft:sugar_cane":3,"minecraft:oak_planks":101,"minecraft:wall_torch":9,"minecraft:amethyst_block":18,"minecraft:repeater":1,"minecraft:red_candle":2,"minecraft:powered_rail":12,"minecraft:birch_log":7,"minecraft:wheat":22,"minecraft:magenta_bed":1,"minecraft:waxed_copper_block":14,"minecraft:smooth_stone_slab":1,"minecraft:oak_log":246,"minecraft:beetroots":5,"minecraft:sand":531,"minecraft:dirt":723,"minecraft:smooth_basalt":7,"minecraft:netherrack":10,"minecraft:stonecutter":4,"minecraft:oak_leaves":34,"minecraft:deepslate":1006,"minecraft:nether_gold_ore":11,"minecraft:diamond_ore":1,"minecraft:tuff":43,"minecraft:deepslate_diamond_ore":200,"minecraft:dark_oak_log":1,"minecraft:glow_lichen":1,"minecraft:spruce_fence":5,"minecraft:decorated_pot":80,"minecraft:redstone_wire":1,"minecraft:cartography_table":3,"minecraft:hay_block":32,"minecraft:redstone_ore":8,"minecraft:oak_trapdoor":4,"minecraft:waxed_oxidized_cut_copper":1,"minecraft:furnace":9,"minecraft:carrots":16,"minecraft:waxed_copper_grate":1,"minecraft:snow":3,"minecraft:andesite":22,"minecraft:detector_rail":12,"minecraft:bell":1,"minecraft:bookshelf":14,"minecraft:potatoes":515,"minecraft:deepslate_iron_ore":89,"minecraft:cobblestone_slab":107,"minecraft:rail":339,"minecraft:packed_ice":33,"minecraft:bamboo":205,"minecraft:stone":2022,"minecraft:bone_block":67,"minecraft:smithing_table":3,"minecraft:oak_slab":13,"minecraft:scaffolding":64,"minecraft:glass_pane":2,"minecraft:soul_sand":21,"minecraft:basalt":16,"minecraft:observer":1,"minecraft:dandelion":7,"minecraft:oak_fence":2,"minecraft:crafting_table":7,"minecraft:cornflower":1,"minecraft:short_grass":257,"minecraft:lectern":63,"minecraft:copper_ore":1,"minecraft:tall_grass":27,"minecraft:deepslate_coal_ore":5,"minecraft:deepslate_gold_ore":147,"minecraft:lapis_ore":19,"minecraft:diorite":9,"minecraft:blue_bed":13,"minecraft:birch_planks":15,"minecraft:waxed_oxidized_copper_grate":4,"minecraft:sweet_berry_bush":2,"minecraft:ice":6,"minecraft:yellow_bed":6,"minecraft:coal_ore":671,"minecraft:dripstone_block":2,"minecraft:gravel":106,"minecraft:cobweb":6,"minecraft:oak_button":7,"minecraft:gold_ore":12,"minecraft:fern":10},"minecraft:killed_by":{"minecraft:evoker":1,"minecraft:vindicator":2,"minecraft:zombie":3,"minecraft:vex":1,"minecraft:player":1,"minecraft:phantom":1},"minecraft:dropped":{"minecraft:porkchop":4,"minecraft:iron_sword":3,"minecraft:diamond_axe":2,"minecraft:ominous_bottle":2,"minecraft:birch_planks":1,"minecraft:lapis_lazuli":217,"minecraft:oak_log":64,"minecraft:baked_potato":533,"minecraft:diamond":64,"minecraft:crossbow":2,"minecraft:glow_berries":5,"minecraft:leather":1,"minecraft:iron_horse_armor":1,"minecraft:rail":29,"minecraft:dirt":71,"minecraft:dark_oak_log":2,"minecraft:mace":1,"minecraft:cornflower":1,"minecraft:mutton":3,"minecraft:scrape_pottery_sherd":1,"minecraft:wooden_sword":1,"minecraft:bone_meal":4,"minecraft:sugar":3,"minecraft:birch_log":1,"minecraft:white_wool":2,"minecraft:gold_ingot":47,"minecraft:bone":20,"minecraft:gravel":47,"minecraft:blackstone":16,"minecraft:stone_axe":2,"minecraft:sugar_cane":28,"minecraft:cooked_chicken":1,"minecraft:golden_chestplate":1,"minecraft:cobbled_deepslate":131,"minecraft:nether_brick":2,"minecraft:pointed_dripstone":1,"minecraft:rotten_flesh":57,"minecraft:oak_planks":1,"minecraft:diamond_shovel":5,"minecraft:white_bed":1,"minecraft:poppy":4,"minecraft:leather_chestplate":1,"minecraft:tipped_arrow":3,"minecraft:gunpowder":5,"minecraft:beetroot_seeds":5,"minecraft:chainmail_boots":1,"minecraft:basalt":22,"minecraft:glass":68,"minecraft:arrow":71,"minecraft:powered_rail":2,"minecraft:beef":1,"minecraft:quartz":14,"minecraft:scaffolding":13,"minecraft:netherrack":546,"minecraft:lectern":1,"minecraft:enchanted_book":1,"minecraft:bread":1,"minecraft:iron_ingot":5,"minecraft:wheat_seeds":9,"minecraft:minecart":1,"minecraft:dripstone_block":1,"minecraft:diamond_leggings":6,"minecraft:poisonous_potato":2,"minecraft:lead":4,"minecraft:cobblestone":1823,"minecraft:oak_fence":2,"minecraft:iron_helmet":6,"minecraft:book":32,"minecraft:amethyst_block":4,"minecraft:granite":71,"minecraft:activator_rail":1,"minecraft:ominous_trial_key":1,"minecraft:grass_block":170,"minecraft:coal":121,"minecraft:golden_apple":1,"minecraft:stick":4,"minecraft:diamond_horse_armor":2,"minecraft:iron_block":1,"minecraft:diorite":13,"minecraft:torch":33,"minecraft:wooden_axe":1,"minecraft:diamond_helmet":4,"minecraft:oak_stairs":1,"minecraft:white_banner":4,"minecraft:iron_axe":5,"minecraft:smooth_basalt":7,"minecraft:string":15,"minecraft:iron_shovel":2,"minecraft:bucket":2,"minecraft:redstone":146,"minecraft:tuff_bricks":1,"minecraft:sweet_berries":2,"minecraft:stone_sword":1,"minecraft:raw_copper":2,"minecraft:guster_banner_pattern":1,"minecraft:tuff":8,"minecraft:raw_iron":9,"minecraft:iron_boots":1,"minecraft:stone_slab":1,"minecraft:name_tag":1,"minecraft:shears":1,"minecraft:suspicious_stew":2,"minecraft:flint_and_steel":1,"minecraft:diamond_sword":8,"minecraft:potato":987,"minecraft:stone":17,"minecraft:shield":1,"minecraft:oak_button":1,"minecraft:trial_key":4,"minecraft:diamond_chestplate":8,"minecraft:diamond_pickaxe":6,"minecraft:iron_chestplate":2,"minecraft:andesite":13,"minecraft:oak_sapling":1,"minecraft:redstone_torch":13,"minecraft:spider_eye":2,"minecraft:bamboo":2566,"minecraft:diamond_boots":6,"minecraft:bow":3,"minecraft:stone_pickaxe":1,"minecraft:wooden_pickaxe":2,"minecraft:raw_gold":79,"minecraft:magma_cream":2,"minecraft:calcite":8}},"DataVersion":3953}