{"stats":{"minecraft:killed_by":{"minecraft:zombie":2},"minecraft:used":{"minecraft:moss_block":4,"minecraft:tuff_bricks":20,"minecraft:iron_shovel":314,"minecraft:oak_sign":18,"minecraft:decorated_pot":1,"minecraft:chest":20,"minecraft:shield":13,"minecraft:stone":1,"minecraft:iron_sword":301,"minecraft:bell":1,"minecraft:iron_chestplate":2,"minecraft:soul_sand":2,"minecraft:mutton":1,"minecraft:carrot":1,"minecraft:tuff":11,"minecraft:obsidian":10,"minecraft:glass":219,"minecraft:lava_bucket":3,"minecraft:grass_block":1159,"minecraft:iron_helmet":2,"minecraft:repeater":13,"minecraft:bow":347,"minecraft:ominous_bottle":2,"minecraft:furnace":11,"minecraft:potato":381,"minecraft:stone_pickaxe":48,"minecraft:powered_rail":12,"minecraft:oak_planks":66,"minecraft:ender_pearl":1,"minecraft:wooden_pickaxe":23,"minecraft:sugar_cane":104,"minecraft:diamond_axe":366,"minecraft:blue_bed":10,"minecraft:sand":187,"minecraft:blue_ice":5,"minecraft:bread":94,"minecraft:lectern":64,"minecraft:oak_pressure_plate":5,"minecraft:gravel":2,"minecraft:chiseled_tuff_bricks":5,"minecraft:diamond_sword":485,"minecraft:wooden_sword":5,"minecraft:grindstone":1,"minecraft:smithing_table":3,"minecraft:oak_boat":12,"minecraft:bone_meal":329,"minecraft:oak_trapdoor":7,"minecraft:enchanting_table":4,"minecraft:stone_sword":46,"minecraft:flint_and_steel":129,"minecraft:redstone":117,"minecraft:netherrack":4,"minecraft:trial_key":12,"minecraft:torch":317,"minecraft:brewing_stand":1,"minecraft:dirt":841,"minecraft:anvil":1,"minecraft:white_carpet":3,"minecraft:hopper":1,"minecraft:granite":7,"minecraft:iron_hoe":114,"minecraft:wooden_axe":1,"minecraft:dark_oak_planks":1,"minecraft:bookshelf":30,"minecraft:iron_axe":18,"minecraft:bamboo_hanging_sign":3,"minecraft:iron_boots":2,"minecraft:barrel":7,"minecraft:basalt":20,"minecraft:minecart":22,"minecraft:cooked_beef":1,"minecraft:cobbled_deepslate":70,"minecraft:observer":89,"minecraft:iron_leggings":2,"minecraft:brown_bed":1,"minecraft:water_bucket":22,"minecraft:glass_bottle":3,"minecraft:baked_potato":117,"minecraft:cartography_table":3,"minecraft:waxed_oxidized_cut_copper":1,"minecraft:cobblestone_slab":8,"minecraft:stonecutter":3,"minecraft:green_bed":2,"minecraft:fletching_table":4,"minecraft:waxed_copper_block":9,"minecraft:rail":402,"minecraft:oak_slab":7,"minecraft:crafting_table":8,"minecraft:red_bed":9,"minecraft:magenta_bed":1,"minecraft:white_bed":21,"minecraft:piston":88,"minecraft:diamond_pickaxe":1506,"minecraft:diamond_shovel":2787,"minecraft:ominous_trial_key":2,"minecraft:wind_charge":1,"minecraft:oak_button":33,"minecraft:iron_pickaxe":222,"minecraft:detector_rail":12,"minecraft:leather_helmet":1,"minecraft:stone_axe":19,"minecraft:fishing_rod":22,"minecraft:cobblestone":262,"minecraft:bucket":20,"minecraft:yellow_bed":6,"minecraft:gray_wool":1,"minecraft:splash_potion":1},"minecraft:dropped":{"minecraft:iron_sword":2,"minecraft:diamond_axe":2,"minecraft:porkchop":1,"minecraft:ominous_bottle":2,"minecraft:lapis_lazuli":6,"minecraft:oak_log":64,"minecraft:baked_potato":215,"minecraft:diamond":11,"minecraft:leather":1,"minecraft:dirt":70,"minecraft:dark_oak_log":2,"minecraft:mace":1,"minecraft:cornflower":1,"minecraft:mutton":3,"minecraft:scrape_pottery_sherd":1,"minecraft:wooden_sword":1,"minecraft:bone_meal":4,"minecraft:birch_log":1,"minecraft:white_wool":2,"minecraft:bone":9,"minecraft:gravel":5,"minecraft:stone_axe":2,"minecraft:blackstone":16,"minecraft:sugar_cane":28,"minecraft:cooked_chicken":1,"minecraft:nether_brick":2,"minecraft:rotten_flesh":21,"minecraft:diamond_shovel":4,"minecraft:poppy":4,"minecraft:tipped_arrow":3,"minecraft:beetroot_seeds":5,"minecraft:basalt":22,"minecraft:arrow":1,"minecraft:beef":1,"minecraft:scaffolding":7,"minecraft:netherrack":545,"minecraft:lectern":1,"minecraft:wheat_seeds":5,"minecraft:diamond_leggings":4,"minecraft:poisonous_potato":2,"minecraft:iron_helmet":6,"minecraft:book":32,"minecraft:granite":7,"minecraft:ominous_trial_key":1,"minecraft:grass_block":159,"minecraft:diorite":1,"minecraft:torch":18,"minecraft:wooden_axe":1,"minecraft:diamond_helmet":4,"minecraft:oak_stairs":1,"minecraft:iron_axe":1,"minecraft:iron_shovel":1,"minecraft:bucket":2,"minecraft:smooth_basalt":6,"minecraft:tuff_bricks":1,"minecraft:stone_sword":1,"minecraft:raw_copper":2,"minecraft:guster_banner_pattern":1,"minecraft:iron_boots":1,"minecraft:flint_and_steel":1,"minecraft:suspicious_stew":2,"minecraft:diamond_sword":5,"minecraft:potato":601,"minecraft:trial_key":4,"minecraft:diamond_chestplate":5,"minecraft:diamond_pickaxe":4,"minecraft:iron_chestplate":1,"minecraft:andesite":6,"minecraft:oak_sapling":1,"minecraft:diamond_boots":5,"minecraft:bow":1,"minecraft:stone_pickaxe":1,"minecraft:wooden_pickaxe":2,"minecraft:magma_cream":2,"minecraft:calcite":6},"minecraft:mined":{"minecraft:dark_oak_planks":1,"minecraft:waxed_cut_copper_slab":1,"minecraft:white_bed":25,"minecraft:brewing_stand":1,"minecraft:obsidian":14,"minecraft:granite":9,"minecraft:budding_amethyst":1,"minecraft:grass_block":1921,"minecraft:chiseled_tuff_bricks":8,"minecraft:oak_wall_sign":2,"minecraft:oxeye_daisy":1,"minecraft:tuff_bricks":27,"minecraft:spawner":1,"minecraft:bamboo_wall_hanging_sign":3,"minecraft:magma_block":6,"minecraft:glowstone":10,"minecraft:barrel":3,"minecraft:iron_ore":93,"minecraft:fire":9,"minecraft:deepslate_lapis_ore":22,"minecraft:fletching_table":4,"minecraft:anvil":1,"minecraft:azure_bluet":3,"minecraft:brown_bed":1,"minecraft:enchanting_table":2,"minecraft:oak_sign":1,"minecraft:dirt_path":20,"minecraft:oak_stairs":1,"minecraft:green_bed":2,"minecraft:deepslate_redstone_ore":71,"minecraft:red_bed":7,"minecraft:powder_snow":1,"minecraft:torch":4,"minecraft:calcite":6,"minecraft:glass":10,"minecraft:cobblestone":84,"minecraft:sugar_cane":3,"minecraft:oak_planks":98,"minecraft:wall_torch":9,"minecraft:amethyst_block":14,"minecraft:red_candle":2,"minecraft:powered_rail":12,"minecraft:birch_log":7,"minecraft:wheat":22,"minecraft:magenta_bed":1,"minecraft:waxed_copper_block":14,"minecraft:oak_log":145,"minecraft:beetroots":5,"minecraft:sand":531,"minecraft:dirt":551,"minecraft:smooth_basalt":6,"minecraft:stonecutter":4,"minecraft:netherrack":9,"minecraft:oak_leaves":18,"minecraft:deepslate":396,"minecraft:nether_gold_ore":11,"minecraft:tuff":17,"minecraft:deepslate_diamond_ore":95,"minecraft:dark_oak_log":1,"minecraft:glow_lichen":1,"minecraft:spruce_fence":5,"minecraft:decorated_pot":80,"minecraft:redstone_wire":1,"minecraft:cartography_table":3,"minecraft:hay_block":32,"minecraft:oak_trapdoor":4,"minecraft:waxed_oxidized_cut_copper":1,"minecraft:carrots":16,"minecraft:furnace":9,"minecraft:waxed_copper_grate":1,"minecraft:snow":3,"minecraft:andesite":6,"minecraft:detector_rail":12,"minecraft:bell":1,"minecraft:bookshelf":14,"minecraft:potatoes":277,"minecraft:cobblestone_slab":5,"minecraft:deepslate_iron_ore":87,"minecraft:rail":339,"minecraft:packed_ice":33,"minecraft:stone":99,"minecraft:bone_block":7,"minecraft:smithing_table":3,"minecraft:oak_slab":6,"minecraft:glass_pane":2,"minecraft:soul_sand":2,"minecraft:basalt":16,"minecraft:dandelion":6,"minecraft:crafting_table":7,"minecraft:cornflower":1,"minecraft:short_grass":211,"minecraft:lectern":63,"minecraft:tall_grass":26,"minecraft:copper_ore":1,"minecraft:deepslate_gold_ore":30,"minecraft:diorite":2,"minecraft:blue_bed":13,"minecraft:waxed_oxidized_copper_grate":4,"minecraft:yellow_bed":6,"minecraft:coal_ore":211,"minecraft:gravel":38,"minecraft:oak_button":7,"minecraft:gold_ore":1},"minecraft:custom":{"minecraft:interact_with_crafting_table":76,"minecraft:open_barrel":26,"minecraft:leave_game":18,"minecraft:time_since_death":356696,"minecraft:sprint_one_cm":1509991,"minecraft:damage_blocked_by_shield":419,"minecraft:drop":167,"minecraft:talked_to_villager":166,"minecraft:play_time":540137,"minecraft:deaths":2,"minecraft:jump":9017,"minecraft:interact_with_brewingstand":5,"minecraft:walk_on_water_one_cm":43329,"minecraft:enchant_item":28,"minecraft:interact_with_furnace":267,"minecraft:traded_with_villager":7,"minecraft:interact_with_cartography_table":1,"minecraft:sleep_in_bed":10,"minecraft:damage_dealt":46941,"minecraft:player_kills":2,"minecraft:crouch_one_cm":108786,"minecraft:inspect_dispenser":5,"minecraft:interact_with_smithing_table":2,"minecraft:mob_kills":346,"minecraft:interact_with_anvil":3,"minecraft:climb_one_cm":13475,"minecraft:walk_one_cm":1026301,"minecraft:sneak_time":40518,"minecraft:walk_under_water_one_cm":8633,"minecraft:boat_one_cm":214204,"minecraft:total_world_time":540137,"minecraft:interact_with_grindstone":9,"minecraft:interact_with_stonecutter":1,"minecraft:time_since_rest":240542,"minecraft:damage_taken":8828,"minecraft:swim_one_cm":59480,"minecraft:fly_one_cm":2657643,"minecraft:open_chest":498,"minecraft:fall_one_cm":221105},"minecraft:broken":{"minecraft:iron_shovel":1,"minecraft:iron_sword":1,"minecraft:leather_helmet":1,"minecraft:flint_and_steel":2},"minecraft:crafted":{"minecraft:oak_planks":572,"minecraft:cobblestone_slab":6,"minecraft:barrel":4,"minecraft:oak_sign":12,"minecraft:blaze_powder":4,"minecraft:stone":4,"minecraft:diamond_shovel":2,"minecraft:bookshelf":6,"minecraft:glass":487,"minecraft:hopper":1,"minecraft:diamond_helmet":2,"minecraft:diamond_leggings":2,"minecraft:iron_boots":2,"minecraft:stone_pressure_plate":2,"minecraft:chest":15,"minecraft:oak_button":8,"minecraft:rail":320,"minecraft:glass_bottle":3,"minecraft:oak_slab":42,"minecraft:emerald":3,"minecraft:crafting_table":2,"minecraft:wooden_pickaxe":1,"minecraft:baked_potato":277,"minecraft:iron_helmet":3,"minecraft:fletching_table":1,"minecraft:brewing_stand":1,"minecraft:cartography_table":1,"minecraft:lectern":3,"minecraft:iron_chestplate":1,"minecraft:book":1,"minecraft:paper":6,"minecraft:diamond_pickaxe":2,"minecraft:shield":1,"minecraft:stick":424,"minecraft:iron_ingot":238,"minecraft:iron_pickaxe":1,"minecraft:stone_sword":1,"minecraft:gold_ingot":54,"minecraft:wooden_sword":1,"minecraft:coal":18,"minecraft:bamboo_button":3,"minecraft:furnace":2,"minecraft:bone_meal":549,"minecraft:white_carpet":3,"minecraft:oak_trapdoor":14,"minecraft:flint_and_steel":4,"minecraft:diamond":9,"minecraft:detector_rail":12,"minecraft:iron_axe":1,"minecraft:iron_hoe":1,"minecraft:stone_pickaxe":1,"minecraft:diamond_boots":2,"minecraft:minecart":8,"minecraft:wheat":675,"minecraft:sugar":1,"minecraft:diamond_sword":1,"minecraft:enchanting_table":1,"minecraft:powered_rail":12,"minecraft:iron_sword":1,"minecraft:bucket":1,"minecraft:stone_axe":1,"minecraft:enchanted_book":1,"minecraft:bread":233,"minecraft:air":0,"minecraft:oak_boat":4,"minecraft:fermented_spider_eye":1,"minecraft:wooden_axe":1,"minecraft:iron_shovel":3,"minecraft:iron_leggings":1,"minecraft:torch":212,"minecraft:diamond_chestplate":2},"minecraft:killed":{"minecraft:witch":2,"minecraft:spider":6,"minecraft:skeleton":40,"minecraft:chicken":1,"minecraft:wolf":1,"minecraft:magma_cube":11,"minecraft:pig":3,"minecraft:zombie_villager":2,"minecraft:iron_golem":9,"minecraft:creeper":22,"minecraft:sheep":6,"minecraft:goat":2,"minecraft:zombie":123,"minecraft:donkey":1,"minecraft:ghast":3,"minecraft:stray":36,"minecraft:blaze":8,"minecraft:cow":5,"minecraft:slime":16,"minecraft:phantom":13,"minecraft:horse":1,"minecraft:drowned":1,"minecraft:husk":22,"minecraft:hoglin":1,"minecraft:breeze":8,"minecraft:wither_skeleton":1},"minecraft:picked_up":{"minecraft:iron_chestplate":4,"minecraft:anvil":1,"minecraft:flower_pot":4,"minecraft:smithing_table":4,"minecraft:diamond_sword":5,"minecraft:oak_stairs":2,"minecraft:brown_bed":2,"minecraft:potion":3,"minecraft:enchanted_book":1,"minecraft:nether_brick":2,"minecraft:brewing_stand":1,"minecraft:amethyst_block":14,"minecraft:string":5,"minecraft:raw_copper":2,"minecraft:waxed_cut_copper_slab":1,"minecraft:iron_leggings":1,"minecraft:red_candle":7,"minecraft:oak_sign":3,"minecraft:diamond_leggings":1,"minecraft:gold_nugget":19,"minecraft:cobbled_deepslate":283,"minecraft:trial_key":16,"minecraft:cobblestone_slab":5,"minecraft:calcite":6,"minecraft:iron_pickaxe":4,"minecraft:furnace":9,"minecraft:iron_boots":3,"minecraft:tipped_arrow":61,"minecraft:stick":31,"minecraft:torch":69,"minecraft:green_bed":4,"minecraft:porkchop":3,"minecraft:diorite":2,"minecraft:rotten_flesh":184,"minecraft:honey_bottle":8,"minecraft:blaze_rod":4,"minecraft:obsidian":14,"minecraft:cobblestone":308,"minecraft:birch_log":8,"minecraft:enchanting_table":2,"minecraft:cooked_beef":2,"minecraft:magma_cream":3,"minecraft:water_bucket":3,"minecraft:andesite":6,"minecraft:golden_leggings":2,"minecraft:potato":1011,"minecraft:flint":4,"minecraft:tuff":9,"minecraft:magenta_bed":2,"minecraft:dirt":550,"minecraft:lapis_lazuli":195,"minecraft:glass":9,"minecraft:bone":99,"minecraft:bow":12,"minecraft:stonecutter":4,"minecraft:wheat_seeds":85,"minecraft:raw_gold":35,"minecraft:bell":1,"minecraft:guster_banner_pattern":2,"minecraft:diamond_helmet":1,"minecraft:fletching_table":4,"minecraft:glowstone_dust":29,"minecraft:powered_rail":12,"minecraft:oak_planks":98,"minecraft:scrape_pottery_sherd":4,"minecraft:poisonous_potato":8,"minecraft:sand":513,"minecraft:barrel":3,"minecraft:ink_sac":1,"minecraft:grass_block":1715,"minecraft:dead_bush":4,"minecraft:diamond_block":1,"minecraft:spectral_arrow":8,"minecraft:dark_oak_log":2,"minecraft:iron_hoe":1,"minecraft:diamond":123,"minecraft:waxed_oxidized_copper_grate":4,"minecraft:breeze_rod":14,"minecraft:crossbow":1,"minecraft:granite":16,"minecraft:bone_meal":4,"minecraft:golden_apple":3,"minecraft:emerald":69,"minecraft:bread":51,"minecraft:music_disc_precipice":2,"minecraft:oak_sapling":8,"minecraft:netherrack":554,"minecraft:ominous_trial_key":3,"minecraft:diamond_pickaxe":3,"minecraft:waxed_oxidized_cut_copper":1,"minecraft:crafting_table":7,"minecraft:azure_bluet":2,"minecraft:ominous_bottle":5,"minecraft:chicken":2,"minecraft:packed_ice":22,"minecraft:wooden_pickaxe":1,"minecraft:brick":401,"minecraft:shield":3,"minecraft:wind_charge":6,"minecraft:cornflower":2,"minecraft:red_bed":9,"minecraft:oak_trapdoor":4,"minecraft:iron_axe":2,"minecraft:snow":3,"minecraft:iron_shovel":1,"minecraft:blackstone":16,"minecraft:cartography_table":3,"minecraft:detector_rail":12,"minecraft:beef":8,"minecraft:oak_boat":14,"minecraft:minecart":21,"minecraft:poppy":8,"minecraft:lectern":63,"minecraft:guster_pottery_sherd":6,"minecraft:sugar_cane":42,"minecraft:birch_sapling":3,"minecraft:phantom_membrane":4,"minecraft:raw_iron":216,"minecraft:bamboo_hanging_sign":6,"minecraft:spruce_fence":5,"minecraft:flow_pottery_sherd":4,"minecraft:stone_button":2,"minecraft:carrot":15,"minecraft:redstone":333,"minecraft:music_disc_creator_music_box":3,"minecraft:dark_oak_planks":1,"minecraft:arrow":194,"minecraft:diamond_chestplate":2,"minecraft:decorated_pot":3,"minecraft:beetroot_seeds":5,"minecraft:diamond_boots":2,"minecraft:hay_block":29,"minecraft:flow_armor_trim_smithing_template":1,"minecraft:tuff_bricks":21,"minecraft:mutton":7,"minecraft:bone_block":5,"minecraft:rail":396,"minecraft:white_wool":4,"minecraft:oxeye_daisy":2,"minecraft:basalt":37,"minecraft:glow_ink_sac":3,"minecraft:leather":9,"minecraft:oak_log":143,"minecraft:waxed_copper_block":15,"minecraft:yellow_bed":6,"minecraft:gunpowder":22,"minecraft:blue_bed":14,"minecraft:iron_ingot":111,"minecraft:cooked_chicken":7,"minecraft:glass_bottle":2,"minecraft:soul_sand":2,"minecraft:iron_sword":3,"minecraft:book":42,"minecraft:oak_slab":7,"minecraft:smooth_basalt":6,"minecraft:quartz":4,"minecraft:dandelion":11,"minecraft:gravel":36,"minecraft:white_bed":23,"minecraft:spider_eye":1,"minecraft:diamond_shovel":2,"minecraft:slime_ball":44,"minecraft:stone_axe":2,"minecraft:iron_helmet":7,"minecraft:diamond_axe":3,"minecraft:gray_wool":1,"minecraft:oak_button":9,"minecraft:baked_potato":164,"minecraft:chiseled_tuff_bricks":7,"minecraft:coal":257,"minecraft:ender_pearl":2}},"DataVersion":3953}