{"stats":{"minecraft:crafted":{"minecraft:oak_sign":33,"minecraft:blaze_powder":4,"minecraft:birch_slab":18,"minecraft:lever":1,"minecraft:diamond_shovel":3,"minecraft:bookshelf":13,"minecraft:glass":487,"minecraft:diamond_helmet":3,"minecraft:repeater":24,"minecraft:diamond_leggings":2,"minecraft:stone_pressure_plate":2,"minecraft:glass_bottle":3,"minecraft:emerald":314,"minecraft:diamond_axe":1,"minecraft:fletching_table":1,"minecraft:cartography_table":1,"minecraft:lectern":3,"minecraft:iron_pickaxe":1,"minecraft:iron_block":24,"minecraft:gold_ingot":96,"minecraft:diamond_hoe":1,"minecraft:bone_meal":1089,"minecraft:white_carpet":3,"minecraft:diamond":9,"minecraft:detector_rail":12,"minecraft:stone_pickaxe":13,"minecraft:diamond_boots":2,"minecraft:dark_oak_planks":904,"minecraft:lead":4,"minecraft:wheat":675,"minecraft:enchanting_table":1,"minecraft:enchanted_book":5,"minecraft:fermented_spider_eye":1,"minecraft:wooden_axe":1,"minecraft:iron_shovel":3,"minecraft:iron_leggings":1,"minecraft:oak_planks":1532,"minecraft:cobblestone_slab":2730,"minecraft:barrel":4,"minecraft:stone":96,"minecraft:hopper":26,"minecraft:bow":1,"minecraft:iron_boots":2,"minecraft:comparator":1,"minecraft:chest":50,"minecraft:oak_button":8,"minecraft:rail":832,"minecraft:stone_hoe":36,"minecraft:dropper":1,"minecraft:oak_slab":42,"minecraft:crafting_table":3,"minecraft:wooden_pickaxe":1,"minecraft:baked_potato":891,"minecraft:iron_helmet":3,"minecraft:brewing_stand":1,"minecraft:dispenser":10,"minecraft:iron_chestplate":1,"minecraft:book":1,"minecraft:paper":6,"minecraft:diamond_pickaxe":2,"minecraft:shield":1,"minecraft:stick":564,"minecraft:iron_ingot":238,"minecraft:stone_sword":1,"minecraft:redstone_torch":64,"minecraft:shears":1,"minecraft:wooden_sword":1,"minecraft:coal":18,"minecraft:furnace":2,"minecraft:bamboo_button":3,"minecraft:oak_trapdoor":14,"minecraft:flint_and_steel":4,"minecraft:scaffolding":646,"minecraft:iron_axe":1,"minecraft:iron_hoe":1,"minecraft:observer":10,"minecraft:minecart":10,"minecraft:sugar":1,"minecraft:diamond_sword":1,"minecraft:dark_oak_stairs":284,"minecraft:powered_rail":12,"minecraft:iron_sword":1,"minecraft:bucket":3,"minecraft:stone_axe":36,"minecraft:air":0,"minecraft:bread":233,"minecraft:oak_boat":4,"minecraft:anvil":1,"minecraft:torch":212,"minecraft:diamond_chestplate":3},"minecraft:picked_up":{"minecraft:iron_chestplate":4,"minecraft:chainmail_boots":1,"minecraft:anvil":1,"minecraft:flower_pot":4,"minecraft:lead":2,"minecraft:smithing_table":59,"minecraft:diamond_sword":12,"minecraft:oak_stairs":2,"minecraft:brown_bed":2,"minecraft:enchanted_book":2,"minecraft:brewing_stand":2,"minecraft:amethyst_block":18,"minecraft:string":53,"minecraft:soul_soil":24,"minecraft:diamond_leggings":7,"minecraft:gold_nugget":19,"minecraft:cobbled_deepslate":729,"minecraft:trial_key":16,"minecraft:green_bed":4,"minecraft:golden_chestplate":2,"minecraft:zombie_spawn_egg":1,"minecraft:honey_bottle":8,"minecraft:iron_block":39,"minecraft:carved_pumpkin":5,"minecraft:blaze_rod":4,"minecraft:sponge":1,"minecraft:birch_log":276,"minecraft:furnace_minecart":2,"minecraft:cooked_beef":2,"minecraft:iron_door":3,"minecraft:water_bucket":9,"minecraft:flint":4,"minecraft:magenta_bed":2,"minecraft:stonecutter":4,"minecraft:guster_banner_pattern":2,"minecraft:diamond_helmet":5,"minecraft:glowstone_dust":31,"minecraft:ink_sac":1,"minecraft:dark_oak_log":275,"minecraft:barrel":3,"minecraft:iron_hoe":1,"minecraft:granite":65,"minecraft:bread":55,"minecraft:music_disc_precipice":2,"minecraft:ominous_trial_key":3,"minecraft:diamond_pickaxe":12,"minecraft:crafting_table":7,"minecraft:ominous_bottle":5,"minecraft:wind_charge":6,"minecraft:cornflower":2,"minecraft:red_bed":9,"minecraft:snow":3,"minecraft:iron_shovel":1,"minecraft:cartography_table":3,"minecraft:beef":8,"minecraft:poppy":14,"minecraft:guster_pottery_sherd":6,"minecraft:minecart":43,"minecraft:chest":2,"minecraft:birch_sapling":4,"minecraft:spruce_fence":5,"minecraft:flow_pottery_sherd":4,"minecraft:carrot":15,"minecraft:redstone":1119,"minecraft:music_disc_creator_music_box":3,"minecraft:diamond_chestplate":9,"minecraft:decorated_pot":3,"minecraft:beetroot_seeds":5,"minecraft:shears":1,"minecraft:diamond_boots":8,"minecraft:hay_block":29,"minecraft:gold_ingot":9,"minecraft:flow_armor_trim_smithing_template":1,"minecraft:totem_of_undying":11,"minecraft:tuff_bricks":21,"minecraft:mutton":7,"minecraft:bone_block":65,"minecraft:white_wool":4,"minecraft:rail":677,"minecraft:oxeye_daisy":2,"minecraft:oak_log":653,"minecraft:blue_bed":14,"minecraft:white_banner":8,"minecraft:birch_pressure_plate":2,"minecraft:apple":7,"minecraft:glass_bottle":2,"minecraft:iron_sword":4,"minecraft:dark_oak_stairs":101,"minecraft:smooth_basalt":7,"minecraft:dark_oak_slab":1,"minecraft:sweet_berries":2,"minecraft:gravel":100,"minecraft:spruce_log":148,"minecraft:diamond_shovel":9,"minecraft:slime_ball":44,"minecraft:stone_axe":2,"minecraft:diamond_axe":8,"minecraft:gray_wool":1,"minecraft:oak_button":34,"minecraft:baked_potato":288,"minecraft:hopper":3,"minecraft:ender_pearl":5,"minecraft:wheat":109,"minecraft:potion":3,"minecraft:nether_brick":2,"minecraft:waxed_cut_copper_slab":1,"minecraft:raw_copper":2,"minecraft:smooth_stone_slab":1,"minecraft:iron_leggings":1,"minecraft:red_candle":7,"minecraft:oak_sign":8,"minecraft:bucket":3,"minecraft:cobblestone_slab":107,"minecraft:calcite":8,"minecraft:iron_pickaxe":4,"minecraft:iron_boots":3,"minecraft:furnace":9,"minecraft:tipped_arrow":71,"minecraft:stick":126,"minecraft:oak_fence":2,"minecraft:torch":202,"minecraft:porkchop":6,"minecraft:pointed_dripstone":1,"minecraft:diorite":29,"minecraft:rotten_flesh":255,"minecraft:obsidian":14,"minecraft:blaze_powder":1,"minecraft:cobblestone":4173,"minecraft:enchanting_table":2,"minecraft:leather_chestplate":2,"minecraft:repeater":1,"minecraft:magma_cream":3,"minecraft:andesite":14,"minecraft:golden_leggings":2,"minecraft:potato":2378,"minecraft:tuff":18,"minecraft:dirt":1694,"minecraft:lapis_lazuli":1327,"minecraft:name_tag":1,"minecraft:glass":151,"minecraft:bone":128,"minecraft:bow":20,"minecraft:wheat_seeds":407,"minecraft:raw_gold":321,"minecraft:bell":1,"minecraft:fletching_table":4,"minecraft:bamboo":3876,"minecraft:powered_rail":12,"minecraft:scrape_pottery_sherd":4,"minecraft:oak_planks":144,"minecraft:oak_pressure_plate":3,"minecraft:poisonous_potato":15,"minecraft:sand":513,"minecraft:grass_block":3646,"minecraft:dead_bush":4,"minecraft:diamond_block":1,"minecraft:spectral_arrow":8,"minecraft:sugar":17,"minecraft:diamond":397,"minecraft:waxed_oxidized_copper_grate":4,"minecraft:crossbow":4,"minecraft:breeze_rod":14,"minecraft:bone_meal":4,"minecraft:golden_apple":17,"minecraft:emerald":94,"minecraft:oak_sapling":50,"minecraft:netherrack":672,"minecraft:waxed_oxidized_cut_copper":1,"minecraft:azure_bluet":2,"minecraft:chicken":2,"minecraft:packed_ice":22,"minecraft:wooden_pickaxe":1,"minecraft:diamond_horse_armor":1,"minecraft:shield":4,"minecraft:brick":401,"minecraft:oak_trapdoor":38,"minecraft:iron_axe":14,"minecraft:blackstone":16,"minecraft:detector_rail":12,"minecraft:oak_boat":23,"minecraft:observer":1,"minecraft:lectern":182,"minecraft:sugar_cane":44,"minecraft:phantom_membrane":4,"minecraft:raw_iron":225,"minecraft:bamboo_hanging_sign":6,"minecraft:stone_button":2,"minecraft:dark_oak_planks":117,"minecraft:arrow":511,"minecraft:saddle":1,"minecraft:wet_sponge":1,"minecraft:basalt":37,"minecraft:glow_ink_sac":3,"minecraft:leather":11,"minecraft:birch_planks":50,"minecraft:waxed_copper_block":15,"minecraft:yellow_bed":6,"minecraft:gunpowder":105,"minecraft:iron_ingot":4480,"minecraft:cooked_chicken":7,"minecraft:soul_sand":14,"minecraft:book":63,"minecraft:scaffolding":208,"minecraft:oak_slab":21,"minecraft:birch_boat":1,"minecraft:pumpkin":4,"minecraft:dandelion":12,"minecraft:quartz":279,"minecraft:dripstone_block":1,"minecraft:lava_bucket":2,"minecraft:white_bed":39,"minecraft:spider_eye":6,"minecraft:pumpkin_seeds":24,"minecraft:iron_helmet":8,"minecraft:chiseled_tuff_bricks":7,"minecraft:coal":1481},"minecraft:used":{"minecraft:moss_block":4,"minecraft:tuff_bricks":20,"minecraft:dispenser":10,"minecraft:ladder":37,"minecraft:chest":45,"minecraft:stone":9,"minecraft:soul_sand":3,"minecraft:lava_bucket":4,"minecraft:villager_spawn_egg":19,"minecraft:black_stained_glass_pane":14,"minecraft:grass_block":5157,"minecraft:dark_oak_slab":285,"minecraft:bow":510,"minecraft:ominous_bottle":2,"minecraft:furnace":24,"minecraft:potato":1012,"minecraft:powered_rail":12,"minecraft:wooden_pickaxe":23,"minecraft:sand":187,"minecraft:blast_furnace":2,"minecraft:blue_ice":5,"minecraft:birch_slab":1,"minecraft:lectern":182,"minecraft:oak_pressure_plate":5,"minecraft:chiseled_tuff_bricks":5,"minecraft:diamond_sword":970,"minecraft:wooden_sword":5,"minecraft:smithing_table":65,"minecraft:oak_boat":12,"minecraft:oak_trapdoor":13,"minecraft:enchanting_table":5,"minecraft:stone_sword":46,"minecraft:carved_pumpkin":10,"minecraft:trial_key":12,"minecraft:netherrack":4,"minecraft:torch":368,"minecraft:brewing_stand":2,"minecraft:anvil":8,"minecraft:oak_fence_gate":6,"minecraft:iron_block":49,"minecraft:iron_axe":18,"minecraft:bamboo_hanging_sign":3,"minecraft:barrel":7,"minecraft:diamond_chestplate":3,"minecraft:basalt":20,"minecraft:cobbled_deepslate":313,"minecraft:observer":100,"minecraft:wheat_seeds":265,"minecraft:chiseled_bookshelf":4,"minecraft:water_bucket":187,"minecraft:cartography_table":3,"minecraft:waxed_oxidized_cut_copper":1,"minecraft:fletching_table":4,"minecraft:rail":634,"minecraft:comparator":1,"minecraft:oak_slab":29,"minecraft:crafting_table":10,"minecraft:red_bed":21,"minecraft:white_bed":64,"minecraft:spruce_log":373,"minecraft:oak_log":84,"minecraft:diamond_pickaxe":5606,"minecraft:ominous_trial_key":2,"minecraft:diamond_shovel":5939,"minecraft:wind_charge":1,"minecraft:oak_button":33,"minecraft:iron_pickaxe":222,"minecraft:leather_helmet":1,"minecraft:enchanted_book":2,"minecraft:cobblestone":728,"minecraft:glass_pane":138,"minecraft:diamond_leggings":1,"minecraft:iron_shovel":314,"minecraft:diamond_hoe":326,"minecraft:oak_sign":49,"minecraft:decorated_pot":1,"minecraft:shield":13,"minecraft:iron_sword":301,"minecraft:zombie_spawn_egg":7,"minecraft:bell":1,"minecraft:iron_chestplate":2,"minecraft:mutton":1,"minecraft:carrot":1,"minecraft:furnace_minecart":2,"minecraft:tuff":11,"minecraft:obsidian":10,"minecraft:glass":1337,"minecraft:iron_helmet":2,"minecraft:spruce_hanging_sign":1,"minecraft:repeater":38,"minecraft:scaffolding":153,"minecraft:dark_oak_stairs":1545,"minecraft:diamond_boots":2,"minecraft:dropper":1,"minecraft:stone_pickaxe":48,"minecraft:oak_planks":601,"minecraft:ender_pearl":3,"minecraft:blue_bed":10,"minecraft:diamond_axe":1944,"minecraft:sugar_cane":119,"minecraft:sponge":38,"minecraft:shears":3,"minecraft:lever":1,"minecraft:dark_oak_log":56,"minecraft:bread":94,"minecraft:gravel":2,"minecraft:grindstone":2,"minecraft:smooth_stone_slab":1,"minecraft:bone_meal":869,"minecraft:oak_fence":48,"minecraft:flint_and_steel":129,"minecraft:redstone":121,"minecraft:dirt":1090,"minecraft:white_carpet":3,"minecraft:hopper":47,"minecraft:diamond_helmet":2,"minecraft:spruce_fence":15,"minecraft:granite":7,"minecraft:iron_hoe":114,"minecraft:dark_oak_planks":1301,"minecraft:wooden_axe":1,"minecraft:bookshelf":37,"minecraft:iron_boots":2,"minecraft:soul_soil":23,"minecraft:white_stained_glass_pane":2,"minecraft:minecart":40,"minecraft:cooked_beef":1,"minecraft:pumpkin":4,"minecraft:iron_leggings":2,"minecraft:brown_bed":1,"minecraft:glass_bottle":3,"minecraft:baked_potato":282,"minecraft:stonecutter":3,"minecraft:green_bed":2,"minecraft:cobblestone_slab":3462,"minecraft:waxed_copper_block":9,"minecraft:magenta_bed":1,"minecraft:smoker":2,"minecraft:dark_oak_door":2,"minecraft:piston":88,"minecraft:detector_rail":12,"minecraft:stone_axe":19,"minecraft:fishing_rod":46,"minecraft:brown_stained_glass_pane":21,"minecraft:bucket":96,"minecraft:yellow_bed":7,"minecraft:gray_wool":1,"minecraft:splash_potion":70},"minecraft:custom":{"minecraft:interact_with_crafting_table":122,"minecraft:open_barrel":26,"minecraft:leave_game":32,"minecraft:time_since_death":519082,"minecraft:damage_blocked_by_shield":419,"minecraft:play_time":1466199,"minecraft:deaths":9,"minecraft:jump":17994,"minecraft:enchant_item":32,"minecraft:interact_with_furnace":350,"minecraft:traded_with_villager":412,"minecraft:interact_with_cartography_table":1,"minecraft:sleep_in_bed":10,"minecraft:damage_dealt":87287,"minecraft:inspect_dispenser":23,"minecraft:interact_with_smithing_table":9,"minecraft:inspect_dropper":1,"minecraft:interact_with_anvil":9,"minecraft:inspect_hopper":15,"minecraft:sneak_time":119824,"minecraft:total_world_time":1466199,"minecraft:interact_with_stonecutter":2,"minecraft:time_since_rest":519108,"minecraft:swim_one_cm":66827,"minecraft:fly_one_cm":7018821,"minecraft:open_chest":1128,"minecraft:fall_one_cm":427345,"minecraft:sprint_one_cm":3420829,"minecraft:drop":498,"minecraft:talked_to_villager":566,"minecraft:interact_with_brewingstand":7,"minecraft:walk_on_water_one_cm":149695,"minecraft:player_kills":4,"minecraft:crouch_one_cm":443477,"minecraft:mob_kills":571,"minecraft:climb_one_cm":31332,"minecraft:walk_one_cm":2264925,"minecraft:raid_win":1,"minecraft:walk_under_water_one_cm":16712,"minecraft:boat_one_cm":218528,"minecraft:interact_with_grindstone":9,"minecraft:damage_taken":18692,"minecraft:minecart_one_cm":118},"minecraft:killed":{"minecraft:cave_spider":3,"minecraft:skeleton":71,"minecraft:chicken":1,"minecraft:magma_cube":11,"minecraft:iron_golem":15,"minecraft:pillager":19,"minecraft:goat":2,"minecraft:donkey":1,"minecraft:zombie":201,"minecraft:glow_squid":1,"minecraft:cow":5,"minecraft:evoker":3,"minecraft:vindicator":14,"minecraft:horse":1,"minecraft:husk":22,"minecraft:wandering_trader":1,"minecraft:ravager":2,"minecraft:polar_bear":1,"minecraft:breeze":8,"minecraft:enderman":4,"minecraft:witch":8,"minecraft:spider":22,"minecraft:wolf":1,"minecraft:pig":3,"minecraft:zombie_villager":5,"minecraft:creeper":43,"minecraft:sheep":7,"minecraft:trader_llama":2,"minecraft:ghast":4,"minecraft:stray":36,"minecraft:blaze":8,"minecraft:vex":5,"minecraft:slime":16,"minecraft:phantom":13,"minecraft:drowned":1,"minecraft:hoglin":1,"minecraft:wither_skeleton":1},"minecraft:broken":{"minecraft:diamond_helmet":1,"minecraft:iron_sword":1,"minecraft:fishing_rod":1,"minecraft:leather_helmet":1,"minecraft:iron_shovel":1,"minecraft:diamond_chestplate":1,"minecraft:flint_and_steel":2,"minecraft:diamond_axe":1},"minecraft:mined":{"minecraft:dark_oak_planks":10,"minecraft:white_bed":29,"minecraft:carved_pumpkin":3,"minecraft:obsidian":14,"minecraft:granite":62,"minecraft:oak_pressure_plate":1,"minecraft:chiseled_tuff_bricks":8,"minecraft:hopper":3,"minecraft:oak_wall_sign":3,"minecraft:oxeye_daisy":1,"minecraft:spawner":6,"minecraft:magma_block":7,"minecraft:fire":29,"minecraft:barrel":3,"minecraft:pumpkin":2,"minecraft:deepslate_lapis_ore":74,"minecraft:fletching_table":4,"minecraft:enchanting_table":2,"minecraft:oak_sign":1,"minecraft:dirt_path":23,"minecraft:oak_stairs":1,"minecraft:iron_block":19,"minecraft:red_bed":7,"minecraft:powder_snow":1,"minecraft:torch":4,"minecraft:glass":19,"minecraft:sugar_cane":3,"minecraft:amethyst_block":18,"minecraft:repeater":1,"minecraft:wheat":132,"minecraft:magenta_bed":1,"minecraft:lilac":1,"minecraft:waxed_copper_block":14,"minecraft:smooth_basalt":7,"minecraft:stonecutter":4,"minecraft:deepslate":1006,"minecraft:dark_oak_log":283,"minecraft:spruce_fence":5,"minecraft:redstone_wire":1,"minecraft:cartography_table":3,"minecraft:redstone_ore":8,"minecraft:waxed_oxidized_cut_copper":1,"minecraft:waxed_copper_grate":1,"minecraft:snow":3,"minecraft:andesite":22,"minecraft:potatoes":515,"minecraft:cobblestone_slab":107,"minecraft:rail":492,"minecraft:bamboo":205,"minecraft:bone_block":67,"minecraft:smithing_table":57,"minecraft:oak_slab":20,"minecraft:glass_pane":2,"minecraft:soul_sand":21,"minecraft:observer":1,"minecraft:dandelion":7,"minecraft:cornflower":1,"minecraft:short_grass":285,"minecraft:copper_ore":1,"minecraft:tall_grass":30,"minecraft:deepslate_gold_ore":147,"minecraft:diorite":9,"minecraft:spruce_log":136,"minecraft:birch_leaves":2,"minecraft:gravel":109,"minecraft:dripstone_block":2,"minecraft:cobweb":6,"minecraft:oak_button":7,"minecraft:gold_ore":12,"minecraft:fern":10,"minecraft:waxed_cut_copper_slab":1,"minecraft:farmland":5,"minecraft:brewing_stand":2,"minecraft:budding_amethyst":1,"minecraft:grass_block":4023,"minecraft:soul_soil":28,"minecraft:tuff_bricks":27,"minecraft:bamboo_wall_hanging_sign":3,"minecraft:glowstone":10,"minecraft:iron_ore":95,"minecraft:anvil":1,"minecraft:azure_bluet":4,"minecraft:dark_oak_stairs":46,"minecraft:brown_bed":1,"minecraft:pointed_dripstone":1,"minecraft:green_bed":2,"minecraft:deepslate_redstone_ore":161,"minecraft:calcite":8,"minecraft:poppy":1,"minecraft:chest":1,"minecraft:nether_quartz_ore":31,"minecraft:cobblestone":216,"minecraft:oak_planks":146,"minecraft:iron_door":2,"minecraft:wall_torch":9,"minecraft:red_candle":2,"minecraft:powered_rail":12,"minecraft:birch_log":148,"minecraft:smooth_stone_slab":1,"minecraft:oak_log":524,"minecraft:beetroots":5,"minecraft:sand":531,"minecraft:dirt":1425,"minecraft:netherrack":10,"minecraft:oak_leaves":40,"minecraft:nether_gold_ore":11,"minecraft:diamond_ore":1,"minecraft:tuff":43,"minecraft:deepslate_diamond_ore":200,"minecraft:glow_lichen":1,"minecraft:decorated_pot":80,"minecraft:spruce_leaves":11,"minecraft:large_fern":1,"minecraft:hay_block":32,"minecraft:oak_trapdoor":21,"minecraft:furnace":9,"minecraft:carrots":16,"minecraft:detector_rail":12,"minecraft:bell":1,"minecraft:bookshelf":21,"minecraft:deepslate_iron_ore":89,"minecraft:packed_ice":33,"minecraft:wet_sponge":1,"minecraft:stone":2079,"minecraft:birch_pressure_plate":1,"minecraft:scaffolding":73,"minecraft:basalt":16,"minecraft:crafting_table":7,"minecraft:oak_fence":2,"minecraft:lectern":181,"minecraft:deepslate_coal_ore":5,"minecraft:lapis_ore":19,"minecraft:blue_bed":13,"minecraft:birch_planks":47,"minecraft:waxed_oxidized_copper_grate":4,"minecraft:sweet_berry_bush":2,"minecraft:ice":6,"minecraft:yellow_bed":6,"minecraft:coal_ore":671},"minecraft:killed_by":{"minecraft:vindicator":2,"minecraft:zombie":3,"minecraft:vex":1,"minecraft:evoker":1,"minecraft:player":1,"minecraft:phantom":1},"minecraft:dropped":{"minecraft:iron_sword":3,"minecraft:porkchop":4,"minecraft:ominous_bottle":2,"minecraft:lapis_lazuli":217,"minecraft:diamond":64,"minecraft:crossbow":2,"minecraft:glow_berries":5,"minecraft:rail":29,"minecraft:dirt":79,"minecraft:scrape_pottery_sherd":1,"minecraft:wooden_sword":1,"minecraft:bone_meal":4,"minecraft:sugar":3,"minecraft:dark_oak_planks":1,"minecraft:white_wool":2,"minecraft:bone":20,"minecraft:stone_axe":2,"minecraft:sugar_cane":28,"minecraft:cooked_chicken":1,"minecraft:golden_chestplate":1,"minecraft:cobbled_deepslate":131,"minecraft:nether_brick":2,"minecraft:birch_sapling":1,"minecraft:rotten_flesh":60,"minecraft:oak_planks":1,"minecraft:white_bed":1,"minecraft:tipped_arrow":3,"minecraft:glass":68,"minecraft:beef":1,"minecraft:lectern":2,"minecraft:enchanted_book":1,"minecraft:iron_ingot":4253,"minecraft:wheat_seeds":28,"minecraft:dripstone_block":1,"minecraft:oak_fence":2,"minecraft:iron_helmet":6,"minecraft:cobblestone":1868,"minecraft:book":32,"minecraft:granite":71,"minecraft:coal":177,"minecraft:golden_apple":1,"minecraft:diamond_horse_armor":2,"minecraft:sponge":1,"minecraft:wooden_axe":1,"minecraft:diamond_helmet":4,"minecraft:oak_stairs":1,"minecraft:white_banner":4,"minecraft:iron_shovel":2,"minecraft:string":17,"minecraft:stone_sword":1,"minecraft:iron_boots":1,"minecraft:stone_slab":1,"minecraft:name_tag":1,"minecraft:shears":1,"minecraft:suspicious_stew":2,"minecraft:diamond_sword":8,"minecraft:potato":987,"minecraft:stone":17,"minecraft:diamond_pickaxe":7,"minecraft:redstone_torch":13,"minecraft:spider_eye":2,"minecraft:bamboo":2566,"minecraft:bow":3,"minecraft:birch_planks":1,"minecraft:diamond_axe":3,"minecraft:oak_log":64,"minecraft:baked_potato":533,"minecraft:leather":3,"minecraft:iron_horse_armor":1,"minecraft:mace":1,"minecraft:dark_oak_log":3,"minecraft:cornflower":1,"minecraft:mutton":3,"minecraft:furnace_minecart":1,"minecraft:birch_log":1,"minecraft:gold_ingot":47,"minecraft:gravel":47,"minecraft:blackstone":16,"minecraft:pointed_dripstone":1,"minecraft:diamond_shovel":5,"minecraft:poppy":4,"minecraft:leather_chestplate":1,"minecraft:gunpowder":9,"minecraft:beetroot_seeds":5,"minecraft:chainmail_boots":1,"minecraft:basalt":22,"minecraft:arrow":71,"minecraft:powered_rail":2,"minecraft:scaffolding":13,"minecraft:quartz":14,"minecraft:netherrack":659,"minecraft:stone_hoe":12,"minecraft:bread":1,"minecraft:minecart":3,"minecraft:diamond_leggings":6,"minecraft:poisonous_potato":2,"minecraft:lead":6,"minecraft:amethyst_block":4,"minecraft:activator_rail":1,"minecraft:ominous_trial_key":1,"minecraft:grass_block":171,"minecraft:stick":4,"minecraft:iron_block":1,"minecraft:diorite":13,"minecraft:torch":33,"minecraft:iron_axe":5,"minecraft:bucket":2,"minecraft:smooth_basalt":7,"minecraft:redstone":146,"minecraft:tuff_bricks":1,"minecraft:sweet_berries":2,"minecraft:raw_copper":2,"minecraft:tuff":8,"minecraft:guster_banner_pattern":1,"minecraft:raw_iron":9,"minecraft:flint_and_steel":1,"minecraft:shield":1,"minecraft:oak_button":1,"minecraft:trial_key":4,"minecraft:diamond_chestplate":8,"minecraft:iron_chestplate":2,"minecraft:andesite":13,"minecraft:oak_sapling":1,"minecraft:diamond_boots":6,"minecraft:stone_pickaxe":1,"minecraft:wooden_pickaxe":2,"minecraft:raw_gold":79,"minecraft:magma_cream":2,"minecraft:calcite":8}},"DataVersion":3953}