{"stats":{"minecraft:dropped":{"minecraft:iron_sword":2,"minecraft:porkchop":1,"minecraft:ominous_bottle":2,"minecraft:lapis_lazuli":6,"minecraft:baked_potato":45,"minecraft:dirt":5,"minecraft:mace":1,"minecraft:dark_oak_log":2,"minecraft:cornflower":1,"minecraft:mutton":2,"minecraft:scrape_pottery_sherd":1,"minecraft:wooden_sword":1,"minecraft:bone_meal":4,"minecraft:white_wool":1,"minecraft:bone":9,"minecraft:gravel":3,"minecraft:stone_axe":2,"minecraft:cooked_chicken":1,"minecraft:rotten_flesh":19,"minecraft:poppy":2,"minecraft:tipped_arrow":3,"minecraft:beetroot_seeds":5,"minecraft:arrow":1,"minecraft:scaffolding":7,"minecraft:wheat_seeds":4,"minecraft:diamond_leggings":2,"minecraft:iron_helmet":1,"minecraft:ominous_trial_key":1,"minecraft:torch":18,"minecraft:wooden_axe":1,"minecraft:diamond_helmet":2,"minecraft:oak_stairs":1,"minecraft:iron_axe":1,"minecraft:iron_shovel":1,"minecraft:tuff_bricks":1,"minecraft:stone_sword":1,"minecraft:raw_copper":2,"minecraft:guster_banner_pattern":1,"minecraft:iron_boots":1,"minecraft:suspicious_stew":2,"minecraft:trial_key":4,"minecraft:diamond_chestplate":2,"minecraft:iron_chestplate":1,"minecraft:diamond_pickaxe":1,"minecraft:oak_sapling":1,"minecraft:diamond_boots":2,"minecraft:bow":1,"minecraft:stone_pickaxe":1,"minecraft:wooden_pickaxe":2},"minecraft:killed_by":{"minecraft:zombie":2},"minecraft:crafted":{"minecraft:oak_planks":200,"minecraft:diamond_helmet":2,"minecraft:iron_boots":2,"minecraft:diamond_leggings":2,"minecraft:chest":10,"minecraft:crafting_table":2,"minecraft:wooden_pickaxe":1,"minecraft:baked_potato":81,"minecraft:iron_helmet":2,"minecraft:iron_chestplate":1,"minecraft:book":1,"minecraft:paper":6,"minecraft:diamond_pickaxe":2,"minecraft:shield":1,"minecraft:stick":80,"minecraft:iron_ingot":70,"minecraft:iron_pickaxe":1,"minecraft:stone_sword":1,"minecraft:wooden_sword":1,"minecraft:coal":18,"minecraft:furnace":2,"minecraft:bone_meal":201,"minecraft:flint_and_steel":3,"minecraft:diamond":9,"minecraft:iron_axe":1,"minecraft:iron_hoe":1,"minecraft:stone_pickaxe":1,"minecraft:diamond_boots":2,"minecraft:wheat":261,"minecraft:diamond_sword":1,"minecraft:enchanting_table":1,"minecraft:iron_sword":1,"minecraft:bucket":1,"minecraft:stone_axe":1,"minecraft:bread":95,"minecraft:air":0,"minecraft:wooden_axe":1,"minecraft:iron_shovel":3,"minecraft:iron_leggings":1,"minecraft:torch":212,"minecraft:diamond_chestplate":2},"minecraft:picked_up":{"minecraft:iron_chestplate":4,"minecraft:flower_pot":4,"minecraft:diamond_sword":1,"minecraft:oak_stairs":2,"minecraft:brown_bed":2,"minecraft:potion":3,"minecraft:enchanted_book":1,"minecraft:brewing_stand":1,"minecraft:string":3,"minecraft:waxed_cut_copper_slab":1,"minecraft:raw_copper":2,"minecraft:iron_leggings":1,"minecraft:red_candle":7,"minecraft:gold_nugget":19,"minecraft:cobbled_deepslate":32,"minecraft:trial_key":16,"minecraft:iron_pickaxe":3,"minecraft:iron_boots":3,"minecraft:furnace":2,"minecraft:tipped_arrow":51,"minecraft:stick":27,"minecraft:torch":68,"minecraft:green_bed":4,"minecraft:porkchop":3,"minecraft:diorite":1,"minecraft:rotten_flesh":168,"minecraft:honey_bottle":8,"minecraft:obsidian":14,"minecraft:cobblestone":189,"minecraft:enchanting_table":1,"minecraft:birch_log":1,"minecraft:cooked_beef":2,"minecraft:water_bucket":2,"minecraft:golden_leggings":2,"minecraft:potato":352,"minecraft:flint":2,"minecraft:magenta_bed":2,"minecraft:lapis_lazuli":18,"minecraft:dirt":285,"minecraft:bone":93,"minecraft:bow":11,"minecraft:wheat_seeds":44,"minecraft:raw_gold":9,"minecraft:bell":1,"minecraft:guster_banner_pattern":2,"minecraft:glowstone_dust":29,"minecraft:scrape_pottery_sherd":2,"minecraft:oak_planks":3,"minecraft:poisonous_potato":2,"minecraft:sand":5,"minecraft:dead_bush":4,"minecraft:diamond_block":1,"minecraft:dark_oak_log":2,"minecraft:iron_hoe":1,"minecraft:diamond":46,"minecraft:waxed_oxidized_copper_grate":4,"minecraft:breeze_rod":14,"minecraft:crossbow":1,"minecraft:granite":7,"minecraft:bone_meal":4,"minecraft:golden_apple":3,"minecraft:emerald":69,"minecraft:bread":51,"minecraft:music_disc_precipice":2,"minecraft:oak_sapling":1,"minecraft:netherrack":1,"minecraft:ominous_trial_key":3,"minecraft:diamond_pickaxe":1,"minecraft:waxed_oxidized_cut_copper":1,"minecraft:crafting_table":7,"minecraft:azure_bluet":2,"minecraft:ominous_bottle":5,"minecraft:chicken":2,"minecraft:wooden_pickaxe":1,"minecraft:shield":3,"minecraft:brick":371,"minecraft:wind_charge":6,"minecraft:cornflower":2,"minecraft:red_bed":4,"minecraft:iron_axe":2,"minecraft:iron_shovel":1,"minecraft:beef":7,"minecraft:poppy":3,"minecraft:guster_pottery_sherd":6,"minecraft:sugar_cane":8,"minecraft:raw_iron":75,"minecraft:bamboo_hanging_sign":3,"minecraft:flow_pottery_sherd":4,"minecraft:stone_button":2,"minecraft:carrot":15,"minecraft:redstone":175,"minecraft:music_disc_creator_music_box":3,"minecraft:dark_oak_planks":1,"minecraft:arrow":183,"minecraft:decorated_pot":3,"minecraft:beetroot_seeds":5,"minecraft:hay_block":29,"minecraft:flow_armor_trim_smithing_template":1,"minecraft:tuff_bricks":21,"minecraft:mutton":3,"minecraft:bone_block":5,"minecraft:white_wool":1,"minecraft:oxeye_daisy":1,"minecraft:basalt":15,"minecraft:leather":8,"minecraft:oak_log":50,"minecraft:waxed_copper_block":15,"minecraft:yellow_bed":3,"minecraft:gunpowder":3,"minecraft:blue_bed":2,"minecraft:iron_ingot":88,"minecraft:cooked_chicken":7,"minecraft:soul_sand":2,"minecraft:iron_sword":3,"minecraft:dandelion":8,"minecraft:gravel":32,"minecraft:white_bed":9,"minecraft:spider_eye":1,"minecraft:slime_ball":44,"minecraft:stone_axe":2,"minecraft:iron_helmet":2,"minecraft:diamond_axe":2,"minecraft:gray_wool":1,"minecraft:baked_potato":31,"minecraft:chiseled_tuff_bricks":7,"minecraft:coal":119,"minecraft:ender_pearl":2},"minecraft:used":{"minecraft:moss_block":4,"minecraft:tuff_bricks":20,"minecraft:iron_shovel":314,"minecraft:decorated_pot":1,"minecraft:chest":10,"minecraft:shield":13,"minecraft:iron_sword":301,"minecraft:bell":1,"minecraft:iron_chestplate":2,"minecraft:soul_sand":2,"minecraft:mutton":1,"minecraft:carrot":1,"minecraft:tuff":11,"minecraft:obsidian":10,"minecraft:grass_block":1,"minecraft:iron_helmet":2,"minecraft:bow":193,"minecraft:ominous_bottle":2,"minecraft:furnace":4,"minecraft:potato":211,"minecraft:stone_pickaxe":48,"minecraft:oak_planks":25,"minecraft:ender_pearl":1,"minecraft:wooden_pickaxe":23,"minecraft:blue_bed":1,"minecraft:diamond_axe":29,"minecraft:bread":94,"minecraft:chiseled_tuff_bricks":5,"minecraft:diamond_sword":300,"minecraft:wooden_sword":5,"minecraft:bone_meal":201,"minecraft:enchanting_table":2,"minecraft:stone_sword":46,"minecraft:flint_and_steel":129,"minecraft:redstone":1,"minecraft:trial_key":12,"minecraft:netherrack":1,"minecraft:torch":312,"minecraft:dirt":96,"minecraft:granite":5,"minecraft:iron_hoe":114,"minecraft:dark_oak_planks":1,"minecraft:wooden_axe":1,"minecraft:iron_axe":18,"minecraft:iron_boots":2,"minecraft:basalt":20,"minecraft:cooked_beef":1,"minecraft:iron_leggings":2,"minecraft:brown_bed":1,"minecraft:water_bucket":11,"minecraft:baked_potato":28,"minecraft:waxed_oxidized_cut_copper":1,"minecraft:green_bed":2,"minecraft:waxed_copper_block":9,"minecraft:crafting_table":8,"minecraft:red_bed":2,"minecraft:magenta_bed":1,"minecraft:white_bed":9,"minecraft:diamond_pickaxe":210,"minecraft:ominous_trial_key":2,"minecraft:wind_charge":1,"minecraft:iron_pickaxe":222,"minecraft:leather_helmet":1,"minecraft:stone_axe":19,"minecraft:cobblestone":58,"minecraft:bucket":14,"minecraft:yellow_bed":3,"minecraft:gray_wool":1},"minecraft:custom":{"minecraft:interact_with_crafting_table":29,"minecraft:open_barrel":19,"minecraft:leave_game":15,"minecraft:time_since_death":52318,"minecraft:sprint_one_cm":616864,"minecraft:damage_blocked_by_shield":419,"minecraft:drop":66,"minecraft:play_time":235759,"minecraft:deaths":2,"minecraft:jump":4324,"minecraft:walk_on_water_one_cm":16808,"minecraft:enchant_item":7,"minecraft:interact_with_furnace":59,"minecraft:sleep_in_bed":7,"minecraft:damage_dealt":32166,"minecraft:player_kills":2,"minecraft:crouch_one_cm":33239,"minecraft:inspect_dispenser":5,"minecraft:mob_kills":232,"minecraft:interact_with_anvil":1,"minecraft:climb_one_cm":13475,"minecraft:walk_one_cm":407901,"minecraft:sneak_time":19625,"minecraft:walk_under_water_one_cm":5130,"minecraft:total_world_time":235759,"minecraft:time_since_rest":2061,"minecraft:damage_taken":6234,"minecraft:swim_one_cm":43218,"minecraft:fly_one_cm":1438105,"minecraft:open_chest":152,"minecraft:fall_one_cm":131565},"minecraft:broken":{"minecraft:iron_shovel":1,"minecraft:iron_sword":1,"minecraft:leather_helmet":1,"minecraft:flint_and_steel":2},"minecraft:mined":{"minecraft:dark_oak_planks":1,"minecraft:waxed_cut_copper_slab":1,"minecraft:white_bed":10,"minecraft:brewing_stand":1,"minecraft:obsidian":14,"minecraft:grass_block":117,"minecraft:chiseled_tuff_bricks":8,"minecraft:oxeye_daisy":1,"minecraft:tuff_bricks":27,"minecraft:magma_block":6,"minecraft:glowstone":10,"minecraft:iron_ore":57,"minecraft:fire":4,"minecraft:deepslate_lapis_ore":3,"minecraft:azure_bluet":3,"minecraft:enchanting_table":1,"minecraft:brown_bed":1,"minecraft:dirt_path":20,"minecraft:oak_stairs":1,"minecraft:green_bed":2,"minecraft:deepslate_redstone_ore":39,"minecraft:red_bed":2,"minecraft:torch":4,"minecraft:cobblestone":2,"minecraft:sugar_cane":2,"minecraft:oak_planks":3,"minecraft:wall_torch":7,"minecraft:red_candle":2,"minecraft:birch_log":1,"minecraft:wheat":22,"minecraft:magenta_bed":1,"minecraft:waxed_copper_block":14,"minecraft:oak_log":52,"minecraft:beetroots":5,"minecraft:sand":6,"minecraft:dirt":140,"minecraft:netherrack":2,"minecraft:oak_leaves":5,"minecraft:deepslate":26,"minecraft:nether_gold_ore":11,"minecraft:deepslate_diamond_ore":39,"minecraft:dark_oak_log":1,"minecraft:glow_lichen":1,"minecraft:decorated_pot":76,"minecraft:redstone_wire":1,"minecraft:hay_block":32,"minecraft:waxed_oxidized_cut_copper":1,"minecraft:furnace":2,"minecraft:carrots":16,"minecraft:waxed_copper_grate":1,"minecraft:bell":1,"minecraft:potatoes":108,"minecraft:deepslate_iron_ore":20,"minecraft:stone":62,"minecraft:bone_block":7,"minecraft:soul_sand":2,"minecraft:basalt":16,"minecraft:dandelion":6,"minecraft:cornflower":1,"minecraft:crafting_table":7,"minecraft:short_grass":121,"minecraft:copper_ore":1,"minecraft:tall_grass":17,"minecraft:deepslate_gold_ore":9,"minecraft:diorite":1,"minecraft:blue_bed":1,"minecraft:waxed_oxidized_copper_grate":4,"minecraft:yellow_bed":3,"minecraft:coal_ore":109,"minecraft:gravel":34},"minecraft:killed":{"minecraft:spider":4,"minecraft:skeleton":22,"minecraft:chicken":1,"minecraft:pig":3,"minecraft:iron_golem":1,"minecraft:creeper":5,"minecraft:sheep":3,"minecraft:zombie":99,"minecraft:donkey":1,"minecraft:ghast":3,"minecraft:stray":36,"minecraft:cow":4,"minecraft:slime":16,"minecraft:horse":1,"minecraft:husk":22,"minecraft:hoglin":1,"minecraft:breeze":8}},"DataVersion":3953}