{"stats":{"minecraft:killed_by":{"minecraft:evoker":1,"minecraft:vindicator":2,"minecraft:zombie":3,"minecraft:vex":1,"minecraft:player":1},"minecraft:used":{"minecraft:moss_block":4,"minecraft:tuff_bricks":20,"minecraft:iron_shovel":314,"minecraft:oak_sign":30,"minecraft:decorated_pot":1,"minecraft:chest":23,"minecraft:shield":13,"minecraft:stone":1,"minecraft:iron_sword":301,"minecraft:zombie_spawn_egg":6,"minecraft:bell":1,"minecraft:iron_chestplate":2,"minecraft:soul_sand":2,"minecraft:mutton":1,"minecraft:carrot":1,"minecraft:tuff":11,"minecraft:obsidian":10,"minecraft:glass":685,"minecraft:lava_bucket":4,"minecraft:villager_spawn_egg":15,"minecraft:grass_block":1716,"minecraft:iron_helmet":2,"minecraft:repeater":13,"minecraft:bow":427,"minecraft:ominous_bottle":2,"minecraft:furnace":11,"minecraft:potato":381,"minecraft:stone_pickaxe":48,"minecraft:powered_rail":12,"minecraft:oak_planks":68,"minecraft:ender_pearl":1,"minecraft:wooden_pickaxe":23,"minecraft:diamond_axe":394,"minecraft:sugar_cane":104,"minecraft:blue_bed":10,"minecraft:sand":187,"minecraft:blue_ice":5,"minecraft:sponge":36,"minecraft:shears":3,"minecraft:birch_slab":1,"minecraft:bread":94,"minecraft:lectern":64,"minecraft:oak_pressure_plate":5,"minecraft:gravel":2,"minecraft:chiseled_tuff_bricks":5,"minecraft:diamond_sword":708,"minecraft:wooden_sword":5,"minecraft:grindstone":1,"minecraft:smithing_table":3,"minecraft:oak_boat":12,"minecraft:bone_meal":329,"minecraft:oak_fence":1,"minecraft:oak_trapdoor":7,"minecraft:enchanting_table":4,"minecraft:stone_sword":46,"minecraft:flint_and_steel":129,"minecraft:carved_pumpkin":10,"minecraft:redstone":117,"minecraft:netherrack":4,"minecraft:trial_key":12,"minecraft:torch":330,"minecraft:brewing_stand":1,"minecraft:dirt":1043,"minecraft:anvil":1,"minecraft:white_carpet":3,"minecraft:hopper":13,"minecraft:granite":7,"minecraft:iron_hoe":114,"minecraft:wooden_axe":1,"minecraft:dark_oak_planks":1,"minecraft:bookshelf":30,"minecraft:iron_block":49,"minecraft:iron_axe":18,"minecraft:bamboo_hanging_sign":3,"minecraft:iron_boots":2,"minecraft:barrel":7,"minecraft:basalt":20,"minecraft:minecart":22,"minecraft:cooked_beef":1,"minecraft:cobbled_deepslate":70,"minecraft:observer":89,"minecraft:iron_leggings":2,"minecraft:pumpkin":4,"minecraft:brown_bed":1,"minecraft:water_bucket":113,"minecraft:glass_bottle":3,"minecraft:baked_potato":160,"minecraft:cartography_table":3,"minecraft:waxed_oxidized_cut_copper":1,"minecraft:green_bed":2,"minecraft:stonecutter":3,"minecraft:fletching_table":4,"minecraft:cobblestone_slab":740,"minecraft:waxed_copper_block":9,"minecraft:rail":402,"minecraft:crafting_table":8,"minecraft:oak_slab":8,"minecraft:red_bed":21,"minecraft:magenta_bed":1,"minecraft:white_bed":21,"minecraft:oak_log":39,"minecraft:piston":88,"minecraft:diamond_pickaxe":1880,"minecraft:diamond_shovel":3092,"minecraft:ominous_trial_key":2,"minecraft:wind_charge":1,"minecraft:oak_button":33,"minecraft:iron_pickaxe":222,"minecraft:detector_rail":12,"minecraft:leather_helmet":1,"minecraft:stone_axe":19,"minecraft:fishing_rod":22,"minecraft:cobblestone":478,"minecraft:bucket":21,"minecraft:yellow_bed":6,"minecraft:gray_wool":1,"minecraft:splash_potion":1},"minecraft:dropped":{"minecraft:iron_sword":2,"minecraft:porkchop":1,"minecraft:diamond_axe":2,"minecraft:ominous_bottle":2,"minecraft:lapis_lazuli":156,"minecraft:oak_log":64,"minecraft:baked_potato":215,"minecraft:diamond":64,"minecraft:leather":1,"minecraft:dirt":70,"minecraft:dark_oak_log":2,"minecraft:mace":1,"minecraft:cornflower":1,"minecraft:mutton":3,"minecraft:scrape_pottery_sherd":1,"minecraft:bone_meal":4,"minecraft:wooden_sword":1,"minecraft:birch_log":1,"minecraft:white_wool":2,"minecraft:gold_ingot":5,"minecraft:bone":16,"minecraft:gravel":5,"minecraft:stone_axe":2,"minecraft:blackstone":16,"minecraft:sugar_cane":28,"minecraft:cooked_chicken":1,"minecraft:golden_chestplate":1,"minecraft:cobbled_deepslate":131,"minecraft:nether_brick":2,"minecraft:rotten_flesh":36,"minecraft:diamond_shovel":5,"minecraft:white_bed":1,"minecraft:poppy":4,"minecraft:leather_chestplate":1,"minecraft:tipped_arrow":3,"minecraft:gunpowder":3,"minecraft:beetroot_seeds":5,"minecraft:basalt":22,"minecraft:arrow":66,"minecraft:beef":1,"minecraft:scaffolding":7,"minecraft:netherrack":545,"minecraft:lectern":1,"minecraft:bread":1,"minecraft:iron_ingot":5,"minecraft:enchanted_book":1,"minecraft:wheat_seeds":5,"minecraft:diamond_leggings":6,"minecraft:poisonous_potato":2,"minecraft:cobblestone":12,"minecraft:iron_helmet":6,"minecraft:book":32,"minecraft:granite":7,"minecraft:ominous_trial_key":1,"minecraft:grass_block":159,"minecraft:golden_apple":1,"minecraft:coal":121,"minecraft:diamond_horse_armor":2,"minecraft:iron_block":1,"minecraft:diorite":11,"minecraft:torch":33,"minecraft:wooden_axe":1,"minecraft:diamond_helmet":4,"minecraft:oak_stairs":1,"minecraft:white_banner":4,"minecraft:iron_axe":1,"minecraft:iron_shovel":1,"minecraft:smooth_basalt":6,"minecraft:string":7,"minecraft:bucket":2,"minecraft:redstone":121,"minecraft:tuff_bricks":1,"minecraft:stone_sword":1,"minecraft:raw_copper":2,"minecraft:tuff":1,"minecraft:guster_banner_pattern":1,"minecraft:iron_boots":1,"minecraft:name_tag":1,"minecraft:shears":1,"minecraft:flint_and_steel":1,"minecraft:suspicious_stew":2,"minecraft:diamond_sword":7,"minecraft:potato":602,"minecraft:shield":1,"minecraft:trial_key":4,"minecraft:diamond_chestplate":6,"minecraft:diamond_pickaxe":6,"minecraft:iron_chestplate":1,"minecraft:andesite":7,"minecraft:oak_sapling":1,"minecraft:spider_eye":1,"minecraft:diamond_boots":6,"minecraft:bow":2,"minecraft:stone_pickaxe":1,"minecraft:wooden_pickaxe":2,"minecraft:raw_gold":79,"minecraft:magma_cream":2,"minecraft:calcite":6},"minecraft:mined":{"minecraft:dark_oak_planks":1,"minecraft:waxed_cut_copper_slab":1,"minecraft:white_bed":25,"minecraft:brewing_stand":1,"minecraft:obsidian":14,"minecraft:carved_pumpkin":3,"minecraft:granite":9,"minecraft:budding_amethyst":1,"minecraft:grass_block":2068,"minecraft:chiseled_tuff_bricks":8,"minecraft:hopper":3,"minecraft:oak_wall_sign":2,"minecraft:oxeye_daisy":1,"minecraft:tuff_bricks":27,"minecraft:spawner":2,"minecraft:bamboo_wall_hanging_sign":3,"minecraft:magma_block":6,"minecraft:glowstone":10,"minecraft:iron_ore":93,"minecraft:barrel":3,"minecraft:fire":23,"minecraft:pumpkin":2,"minecraft:deepslate_lapis_ore":28,"minecraft:fletching_table":4,"minecraft:anvil":1,"minecraft:azure_bluet":4,"minecraft:enchanting_table":2,"minecraft:brown_bed":1,"minecraft:oak_sign":1,"minecraft:dirt_path":21,"minecraft:oak_stairs":1,"minecraft:iron_block":19,"minecraft:green_bed":2,"minecraft:deepslate_redstone_ore":82,"minecraft:red_bed":7,"minecraft:powder_snow":1,"minecraft:torch":4,"minecraft:calcite":6,"minecraft:chest":1,"minecraft:glass":13,"minecraft:cobblestone":151,"minecraft:sugar_cane":3,"minecraft:oak_planks":100,"minecraft:wall_torch":9,"minecraft:amethyst_block":14,"minecraft:red_candle":2,"minecraft:powered_rail":12,"minecraft:birch_log":7,"minecraft:wheat":22,"minecraft:magenta_bed":1,"minecraft:waxed_copper_block":14,"minecraft:oak_log":145,"minecraft:beetroots":5,"minecraft:sand":531,"minecraft:dirt":709,"minecraft:smooth_basalt":6,"minecraft:netherrack":9,"minecraft:stonecutter":4,"minecraft:oak_leaves":18,"minecraft:deepslate":461,"minecraft:nether_gold_ore":11,"minecraft:tuff":18,"minecraft:deepslate_diamond_ore":122,"minecraft:dark_oak_log":1,"minecraft:glow_lichen":1,"minecraft:spruce_fence":5,"minecraft:decorated_pot":80,"minecraft:redstone_wire":1,"minecraft:cartography_table":3,"minecraft:hay_block":32,"minecraft:redstone_ore":8,"minecraft:oak_trapdoor":4,"minecraft:waxed_oxidized_cut_copper":1,"minecraft:carrots":16,"minecraft:furnace":9,"minecraft:waxed_copper_grate":1,"minecraft:snow":3,"minecraft:andesite":7,"minecraft:detector_rail":12,"minecraft:bell":1,"minecraft:bookshelf":14,"minecraft:potatoes":277,"minecraft:cobblestone_slab":12,"minecraft:deepslate_iron_ore":87,"minecraft:rail":339,"minecraft:packed_ice":33,"minecraft:stone":147,"minecraft:bone_block":7,"minecraft:smithing_table":3,"minecraft:oak_slab":13,"minecraft:glass_pane":2,"minecraft:soul_sand":2,"minecraft:basalt":16,"minecraft:dandelion":6,"minecraft:crafting_table":7,"minecraft:cornflower":1,"minecraft:short_grass":220,"minecraft:lectern":63,"minecraft:tall_grass":26,"minecraft:copper_ore":1,"minecraft:deepslate_gold_ore":62,"minecraft:lapis_ore":7,"minecraft:diorite":7,"minecraft:blue_bed":13,"minecraft:birch_planks":15,"minecraft:waxed_oxidized_copper_grate":4,"minecraft:yellow_bed":6,"minecraft:coal_ore":267,"minecraft:gravel":40,"minecraft:cobweb":5,"minecraft:oak_button":7,"minecraft:gold_ore":6},"minecraft:custom":{"minecraft:interact_with_crafting_table":78,"minecraft:open_barrel":26,"minecraft:leave_game":22,"minecraft:time_since_death":41859,"minecraft:sprint_one_cm":1874445,"minecraft:damage_blocked_by_shield":419,"minecraft:drop":222,"minecraft:talked_to_villager":169,"minecraft:play_time":697682,"minecraft:deaths":8,"minecraft:jump":11453,"minecraft:interact_with_brewingstand":5,"minecraft:walk_on_water_one_cm":85170,"minecraft:enchant_item":30,"minecraft:interact_with_furnace":268,"minecraft:traded_with_villager":7,"minecraft:interact_with_cartography_table":1,"minecraft:sleep_in_bed":10,"minecraft:damage_dealt":67711,"minecraft:player_kills":3,"minecraft:crouch_one_cm":153963,"minecraft:inspect_dispenser":5,"minecraft:interact_with_smithing_table":2,"minecraft:mob_kills":436,"minecraft:interact_with_anvil":5,"minecraft:climb_one_cm":13475,"minecraft:walk_one_cm":1210024,"minecraft:raid_win":1,"minecraft:sneak_time":54766,"minecraft:walk_under_water_one_cm":12295,"minecraft:boat_one_cm":217976,"minecraft:total_world_time":697682,"minecraft:interact_with_grindstone":9,"minecraft:interact_with_stonecutter":2,"minecraft:time_since_rest":41883,"minecraft:damage_taken":14174,"minecraft:swim_one_cm":60757,"minecraft:fly_one_cm":3539938,"minecraft:open_chest":605,"minecraft:fall_one_cm":288289},"minecraft:broken":{"minecraft:iron_shovel":1,"minecraft:diamond_helmet":1,"minecraft:iron_sword":1,"minecraft:leather_helmet":1,"minecraft:diamond_chestplate":1,"minecraft:flint_and_steel":2},"minecraft:crafted":{"minecraft:oak_planks":572,"minecraft:cobblestone_slab":6,"minecraft:barrel":4,"minecraft:oak_sign":12,"minecraft:blaze_powder":4,"minecraft:birch_slab":18,"minecraft:stone":4,"minecraft:diamond_shovel":2,"minecraft:bookshelf":6,"minecraft:glass":487,"minecraft:hopper":1,"minecraft:diamond_helmet":3,"minecraft:diamond_leggings":2,"minecraft:iron_boots":2,"minecraft:stone_pressure_plate":2,"minecraft:chest":15,"minecraft:oak_button":8,"minecraft:rail":320,"minecraft:glass_bottle":3,"minecraft:oak_slab":42,"minecraft:emerald":3,"minecraft:crafting_table":2,"minecraft:wooden_pickaxe":1,"minecraft:baked_potato":277,"minecraft:iron_helmet":3,"minecraft:fletching_table":1,"minecraft:brewing_stand":1,"minecraft:cartography_table":1,"minecraft:lectern":3,"minecraft:iron_chestplate":1,"minecraft:book":1,"minecraft:paper":6,"minecraft:diamond_pickaxe":2,"minecraft:shield":1,"minecraft:stick":424,"minecraft:iron_ingot":238,"minecraft:iron_pickaxe":1,"minecraft:iron_block":21,"minecraft:stone_sword":1,"minecraft:gold_ingot":54,"minecraft:shears":1,"minecraft:wooden_sword":1,"minecraft:coal":18,"minecraft:bamboo_button":3,"minecraft:furnace":2,"minecraft:bone_meal":549,"minecraft:white_carpet":3,"minecraft:oak_trapdoor":14,"minecraft:flint_and_steel":4,"minecraft:diamond":9,"minecraft:detector_rail":12,"minecraft:iron_axe":1,"minecraft:iron_hoe":1,"minecraft:stone_pickaxe":1,"minecraft:diamond_boots":2,"minecraft:minecart":8,"minecraft:wheat":675,"minecraft:sugar":1,"minecraft:diamond_sword":1,"minecraft:enchanting_table":1,"minecraft:powered_rail":12,"minecraft:iron_sword":1,"minecraft:bucket":1,"minecraft:stone_axe":1,"minecraft:enchanted_book":1,"minecraft:bread":233,"minecraft:air":0,"minecraft:oak_boat":4,"minecraft:fermented_spider_eye":1,"minecraft:wooden_axe":1,"minecraft:iron_shovel":3,"minecraft:iron_leggings":1,"minecraft:torch":212,"minecraft:diamond_chestplate":3},"minecraft:killed":{"minecraft:cave_spider":3,"minecraft:witch":4,"minecraft:spider":8,"minecraft:skeleton":49,"minecraft:chicken":1,"minecraft:wolf":1,"minecraft:magma_cube":11,"minecraft:pig":3,"minecraft:zombie_villager":4,"minecraft:iron_golem":14,"minecraft:creeper":27,"minecraft:sheep":6,"minecraft:pillager":19,"minecraft:goat":2,"minecraft:zombie":142,"minecraft:donkey":1,"minecraft:ghast":3,"minecraft:stray":36,"minecraft:blaze":8,"minecraft:cow":5,"minecraft:evoker":3,"minecraft:vex":5,"minecraft:vindicator":14,"minecraft:slime":16,"minecraft:phantom":13,"minecraft:horse":1,"minecraft:drowned":1,"minecraft:husk":22,"minecraft:ravager":2,"minecraft:hoglin":1,"minecraft:breeze":8,"minecraft:wither_skeleton":1},"minecraft:picked_up":{"minecraft:iron_chestplate":4,"minecraft:anvil":1,"minecraft:flower_pot":4,"minecraft:smithing_table":4,"minecraft:diamond_sword":11,"minecraft:oak_stairs":2,"minecraft:brown_bed":2,"minecraft:potion":3,"minecraft:enchanted_book":2,"minecraft:nether_brick":2,"minecraft:brewing_stand":1,"minecraft:amethyst_block":14,"minecraft:string":23,"minecraft:raw_copper":2,"minecraft:waxed_cut_copper_slab":1,"minecraft:iron_leggings":1,"minecraft:red_candle":7,"minecraft:oak_sign":7,"minecraft:diamond_leggings":7,"minecraft:gold_nugget":19,"minecraft:cobbled_deepslate":418,"minecraft:bucket":2,"minecraft:trial_key":16,"minecraft:cobblestone_slab":13,"minecraft:calcite":6,"minecraft:iron_pickaxe":4,"minecraft:furnace":9,"minecraft:iron_boots":3,"minecraft:tipped_arrow":71,"minecraft:stick":33,"minecraft:torch":200,"minecraft:green_bed":4,"minecraft:porkchop":6,"minecraft:diorite":27,"minecraft:golden_chestplate":2,"minecraft:zombie_spawn_egg":1,"minecraft:honey_bottle":8,"minecraft:rotten_flesh":224,"minecraft:iron_block":39,"minecraft:carved_pumpkin":5,"minecraft:blaze_rod":4,"minecraft:obsidian":14,"minecraft:cobblestone":429,"minecraft:birch_log":8,"minecraft:enchanting_table":2,"minecraft:leather_chestplate":2,"minecraft:cooked_beef":2,"minecraft:magma_cream":3,"minecraft:iron_door":1,"minecraft:water_bucket":8,"minecraft:andesite":8,"minecraft:golden_leggings":2,"minecraft:potato":1089,"minecraft:flint":4,"minecraft:tuff":11,"minecraft:magenta_bed":2,"minecraft:dirt":777,"minecraft:lapis_lazuli":495,"minecraft:name_tag":1,"minecraft:glass":147,"minecraft:bone":119,"minecraft:bow":18,"minecraft:stonecutter":4,"minecraft:wheat_seeds":85,"minecraft:raw_gold":129,"minecraft:bell":1,"minecraft:guster_banner_pattern":2,"minecraft:diamond_helmet":5,"minecraft:fletching_table":4,"minecraft:glowstone_dust":29,"minecraft:powered_rail":12,"minecraft:scrape_pottery_sherd":4,"minecraft:oak_planks":100,"minecraft:poisonous_potato":8,"minecraft:sand":513,"minecraft:ink_sac":1,"minecraft:grass_block":1888,"minecraft:dead_bush":4,"minecraft:diamond_block":1,"minecraft:spectral_arrow":8,"minecraft:dark_oak_log":2,"minecraft:barrel":3,"minecraft:iron_hoe":1,"minecraft:sugar":15,"minecraft:diamond":229,"minecraft:waxed_oxidized_copper_grate":4,"minecraft:breeze_rod":14,"minecraft:crossbow":4,"minecraft:granite":16,"minecraft:bone_meal":4,"minecraft:golden_apple":17,"minecraft:emerald":93,"minecraft:bread":55,"minecraft:music_disc_precipice":2,"minecraft:oak_sapling":10,"minecraft:netherrack":554,"minecraft:ominous_trial_key":3,"minecraft:diamond_pickaxe":11,"minecraft:waxed_oxidized_cut_copper":1,"minecraft:crafting_table":7,"minecraft:azure_bluet":2,"minecraft:ominous_bottle":5,"minecraft:chicken":2,"minecraft:packed_ice":22,"minecraft:wooden_pickaxe":1,"minecraft:diamond_horse_armor":1,"minecraft:brick":401,"minecraft:shield":4,"minecraft:wind_charge":6,"minecraft:cornflower":2,"minecraft:red_bed":9,"minecraft:oak_trapdoor":4,"minecraft:iron_axe":14,"minecraft:snow":3,"minecraft:iron_shovel":1,"minecraft:blackstone":16,"minecraft:cartography_table":3,"minecraft:detector_rail":12,"minecraft:beef":8,"minecraft:oak_boat":19,"minecraft:poppy":13,"minecraft:minecart":26,"minecraft:lectern":63,"minecraft:guster_pottery_sherd":6,"minecraft:sugar_cane":42,"minecraft:chest":2,"minecraft:birch_sapling":3,"minecraft:phantom_membrane":4,"minecraft:raw_iron":216,"minecraft:bamboo_hanging_sign":6,"minecraft:spruce_fence":5,"minecraft:flow_pottery_sherd":4,"minecraft:stone_button":2,"minecraft:carrot":15,"minecraft:redstone":633,"minecraft:music_disc_creator_music_box":3,"minecraft:dark_oak_planks":1,"minecraft:arrow":495,"minecraft:diamond_chestplate":7,"minecraft:decorated_pot":3,"minecraft:beetroot_seeds":5,"minecraft:shears":1,"minecraft:diamond_boots":8,"minecraft:hay_block":29,"minecraft:totem_of_undying":11,"minecraft:gold_ingot":9,"minecraft:saddle":1,"minecraft:flow_armor_trim_smithing_template":1,"minecraft:tuff_bricks":21,"minecraft:mutton":7,"minecraft:bone_block":5,"minecraft:white_wool":4,"minecraft:rail":462,"minecraft:oxeye_daisy":2,"minecraft:basalt":37,"minecraft:glow_ink_sac":3,"minecraft:leather":9,"minecraft:birch_planks":18,"minecraft:oak_log":148,"minecraft:waxed_copper_block":15,"minecraft:yellow_bed":6,"minecraft:gunpowder":36,"minecraft:blue_bed":14,"minecraft:white_banner":8,"minecraft:apple":4,"minecraft:iron_ingot":198,"minecraft:cooked_chicken":7,"minecraft:glass_bottle":2,"minecraft:iron_sword":3,"minecraft:soul_sand":2,"minecraft:book":42,"minecraft:oak_slab":14,"minecraft:smooth_basalt":6,"minecraft:birch_boat":1,"minecraft:pumpkin":4,"minecraft:quartz":4,"minecraft:dandelion":11,"minecraft:gravel":38,"minecraft:lava_bucket":2,"minecraft:white_bed":24,"minecraft:spider_eye":5,"minecraft:diamond_shovel":9,"minecraft:pumpkin_seeds":24,"minecraft:slime_ball":44,"minecraft:stone_axe":2,"minecraft:iron_helmet":8,"minecraft:diamond_axe":7,"minecraft:gray_wool":1,"minecraft:oak_button":34,"minecraft:baked_potato":219,"minecraft:chiseled_tuff_bricks":7,"minecraft:coal":538,"minecraft:hopper":3,"minecraft:ender_pearl":2}},"DataVersion":3953}