{"stats":{"minecraft:crafted":{"minecraft:oak_planks":272,"minecraft:oak_pressure_plate":3,"minecraft:birch_boat":1,"minecraft:birch_slab":12,"minecraft:diamond_shovel":1,"minecraft:bookshelf":15,"minecraft:diamond_helmet":3,"minecraft:diamond_leggings":2,"minecraft:chest":26,"minecraft:oak_button":3,"minecraft:iron_door":3,"minecraft:glass_bottle":15,"minecraft:emerald":824,"minecraft:diamond_axe":1,"minecraft:crafting_table":4,"minecraft:baked_potato":187,"minecraft:birch_pressure_plate":1,"minecraft:birch_planks":336,"minecraft:lectern":1,"minecraft:diamond_pickaxe":3,"minecraft:birch_fence":21,"minecraft:stick":124,"minecraft:iron_block":4,"minecraft:gold_ingot":82,"minecraft:netherite_ingot":9,"minecraft:shears":1,"minecraft:oak_trapdoor":2,"minecraft:diamond_boots":3,"minecraft:netherite_scrap":37,"minecraft:sugar":48,"minecraft:netherite_pickaxe":1,"minecraft:diamond_sword":1,"minecraft:enchanted_book":17,"minecraft:air":0,"minecraft:oak_boat":17,"minecraft:golden_apple":10,"minecraft:fermented_spider_eye":4,"minecraft:birch_trapdoor":2,"minecraft:diamond_chestplate":1},"minecraft:used":{"minecraft:oak_sign":2,"minecraft:chest":15,"minecraft:shield":7,"minecraft:iron_sword":22,"minecraft:iron_chestplate":2,"minecraft:birch_pressure_plate":1,"minecraft:spruce_boat":1,"minecraft:lava_bucket":31,"minecraft:grass_block":64,"minecraft:iron_helmet":2,"minecraft:golden_sword":8,"minecraft:birch_trapdoor":3,"minecraft:bow":66,"minecraft:oak_sapling":44,"minecraft:potato":163,"minecraft:diorite":2,"minecraft:diamond_boots":5,"minecraft:birch_leaves":48,"minecraft:stone_pickaxe":9,"minecraft:oak_planks":96,"minecraft:blackstone":19,"minecraft:diamond_axe":1026,"minecraft:oak_leaves":12,"minecraft:crossbow":1,"minecraft:shears":120,"minecraft:birch_fence":21,"minecraft:crying_obsidian":13,"minecraft:dark_oak_log":1,"minecraft:birch_slab":23,"minecraft:bread":12,"minecraft:lectern":108,"minecraft:oak_pressure_plate":5,"minecraft:iron_door":2,"minecraft:gravel":7,"minecraft:diamond_sword":654,"minecraft:grindstone":1,"minecraft:smithing_table":6,"minecraft:oak_boat":46,"minecraft:air":2,"minecraft:oak_trapdoor":18,"minecraft:netherrack":229,"minecraft:brewing_stand":3,"minecraft:dirt":4371,"minecraft:diamond_helmet":2,"minecraft:golden_chestplate":1,"minecraft:dark_oak_planks":1,"minecraft:bookshelf":12,"minecraft:iron_block":2,"minecraft:iron_axe":62,"minecraft:diamond_chestplate":5,"minecraft:basalt":121,"minecraft:minecart":9,"minecraft:water_bucket":120,"minecraft:birch_planks":223,"minecraft:glass_bottle":15,"minecraft:baked_potato":214,"minecraft:birch_boat":1,"minecraft:stonecutter":1,"minecraft:polished_blackstone_bricks":21,"minecraft:rail":240,"minecraft:oak_slab":57,"minecraft:crafting_table":3,"minecraft:diamond_pickaxe":18913,"minecraft:diamond_shovel":5642,"minecraft:oak_button":5,"minecraft:cobblestone":137,"minecraft:potion":2,"minecraft:bucket":154,"minecraft:diamond_leggings":3,"minecraft:splash_potion":8},"minecraft:picked_up":{"minecraft:iron_chestplate":4,"minecraft:wheat":6,"minecraft:smithing_table":6,"minecraft:diamond_sword":32,"minecraft:potion":3,"minecraft:enchanted_book":13,"minecraft:brewing_stand":5,"minecraft:golden_sword":4,"minecraft:string":17,"minecraft:soul_soil":68,"minecraft:netherite_ingot":1,"minecraft:oak_sign":14,"minecraft:diamond_leggings":27,"minecraft:gold_nugget":388,"minecraft:cobbled_deepslate":840,"minecraft:bucket":3,"minecraft:netherite_upgrade_smithing_template":4,"minecraft:iron_pickaxe":1,"minecraft:tipped_arrow":20,"minecraft:stick":295,"minecraft:birch_trapdoor":1,"minecraft:torch":67,"minecraft:porkchop":53,"minecraft:golden_axe":1,"minecraft:diorite":18,"minecraft:golden_chestplate":3,"minecraft:rotten_flesh":80,"minecraft:iron_block":9,"minecraft:bookshelf":3,"minecraft:blaze_rod":2,"minecraft:obsidian":10,"minecraft:blaze_powder":5,"minecraft:cobblestone":687,"minecraft:furnace_minecart":1,"minecraft:birch_log":71,"minecraft:magma_block":2,"minecraft:birch_slab":30,"minecraft:magma_cream":7,"minecraft:iron_door":12,"minecraft:water_bucket":24,"minecraft:golden_leggings":5,"minecraft:potato":468,"minecraft:lapis_lazuli":64,"minecraft:dirt":5019,"minecraft:name_tag":6,"minecraft:bone":26,"minecraft:bow":19,"minecraft:stonecutter":2,"minecraft:wheat_seeds":90,"minecraft:raw_gold":15,"minecraft:grindstone":2,"minecraft:diamond_helmet":15,"minecraft:glowstone_dust":8,"minecraft:oak_planks":261,"minecraft:oak_pressure_plate":2,"minecraft:poisonous_potato":5,"minecraft:sand":72,"minecraft:grass_block":325,"minecraft:dark_oak_log":1,"minecraft:sugar":86,"minecraft:diamond":67,"minecraft:spruce_boat":2,"minecraft:cracked_polished_blackstone_bricks":51,"minecraft:crossbow":16,"minecraft:golden_apple":82,"minecraft:emerald":281,"minecraft:bread":38,"minecraft:oak_sapling":254,"minecraft:netherrack":7046,"minecraft:oak_leaves":12,"minecraft:crimson_roots":6,"minecraft:diamond_pickaxe":28,"minecraft:crafting_table":1,"minecraft:splash_potion":11,"minecraft:brown_mushroom":31,"minecraft:gold_block":24,"minecraft:diamond_horse_armor":1,"minecraft:shield":25,"minecraft:oak_trapdoor":19,"minecraft:blackstone":176,"minecraft:oak_boat":69,"minecraft:lectern":106,"minecraft:poppy":252,"minecraft:minecart":42,"minecraft:sugar_cane":653,"minecraft:chest":18,"minecraft:polished_blackstone_bricks":64,"minecraft:redstone":112,"minecraft:dark_oak_planks":1,"minecraft:arrow":668,"minecraft:weeping_vines":9,"minecraft:diamond_chestplate":31,"minecraft:shears":2,"minecraft:diamond_boots":30,"minecraft:totem_of_undying":9,"minecraft:gold_ingot":124,"minecraft:rail":515,"minecraft:birch_leaves":48,"minecraft:basalt":435,"minecraft:golden_carrot":17,"minecraft:crimson_stem":123,"minecraft:leather":12,"minecraft:red_mushroom":4,"minecraft:birch_planks":283,"minecraft:crimson_fungus":5,"minecraft:oak_log":288,"minecraft:ancient_debris":53,"minecraft:golden_boots":3,"minecraft:nether_wart_block":2,"minecraft:gunpowder":12,"minecraft:paper":312,"minecraft:white_banner":36,"minecraft:apple":74,"minecraft:stone_pickaxe":2,"minecraft:iron_ingot":821,"minecraft:glass_bottle":16,"minecraft:iron_sword":4,"minecraft:soul_sand":24,"minecraft:dark_oak_stairs":4,"minecraft:book":59,"minecraft:oak_slab":86,"minecraft:dark_oak_slab":1,"minecraft:birch_boat":17,"minecraft:quartz":192,"minecraft:gravel":70,"minecraft:lava_bucket":14,"minecraft:white_bed":2,"minecraft:crying_obsidian":17,"minecraft:spider_eye":23,"minecraft:diamond_shovel":28,"minecraft:iron_helmet":4,"minecraft:diamond_axe":28,"minecraft:oak_button":2,"minecraft:lodestone":1,"minecraft:baked_potato":455,"minecraft:coal":950,"minecraft:smooth_quartz_slab":2},"minecraft:custom":{"minecraft:interact_with_crafting_table":74,"minecraft:open_barrel":1,"minecraft:leave_game":17,"minecraft:time_since_death":0,"minecraft:sprint_one_cm":1923422,"minecraft:damage_blocked_by_shield":320,"minecraft:drop":633,"minecraft:talked_to_villager":616,"minecraft:play_time":767279,"minecraft:deaths":44,"minecraft:jump":13029,"minecraft:interact_with_brewingstand":21,"minecraft:walk_on_water_one_cm":92159,"minecraft:interact_with_furnace":114,"minecraft:traded_with_villager":854,"minecraft:sleep_in_bed":12,"minecraft:damage_dealt":35846,"minecraft:player_kills":4,"minecraft:crouch_one_cm":84321,"minecraft:horse_one_cm":3219,"minecraft:interact_with_smithing_table":13,"minecraft:mob_kills":163,"minecraft:interact_with_anvil":9,"minecraft:inspect_hopper":1,"minecraft:walk_one_cm":2811833,"minecraft:raid_win":1,"minecraft:sneak_time":23412,"minecraft:walk_under_water_one_cm":12670,"minecraft:boat_one_cm":398909,"minecraft:total_world_time":767279,"minecraft:interact_with_grindstone":5,"minecraft:interact_with_stonecutter":1,"minecraft:time_since_rest":119,"minecraft:damage_taken":21956,"minecraft:minecart_one_cm":2,"minecraft:swim_one_cm":11282,"minecraft:fly_one_cm":2926547,"minecraft:open_chest":675,"minecraft:fall_one_cm":148665},"minecraft:killed":{"minecraft:zombified_piglin":3,"minecraft:witch":5,"minecraft:spider":9,"minecraft:skeleton":26,"minecraft:piglin_brute":7,"minecraft:cat":1,"minecraft:magma_cube":16,"minecraft:piglin":17,"minecraft:zombie_villager":2,"minecraft:iron_golem":6,"minecraft:creeper":9,"minecraft:pillager":6,"minecraft:zombie":35,"minecraft:evoker":2,"minecraft:phantom":1,"minecraft:hoglin":5,"minecraft:villager":3},"minecraft:broken":{"minecraft:diamond_helmet":1,"minecraft:iron_axe":1},"minecraft:mined":{"minecraft:white_bed":1,"minecraft:farmland":5,"minecraft:brewing_stand":4,"minecraft:grass_block":2065,"minecraft:cracked_polished_blackstone_bricks":20,"minecraft:oak_pressure_plate":2,"minecraft:soul_soil":58,"minecraft:crimson_fungus":3,"minecraft:oak_wall_sign":1,"minecraft:gilded_blackstone":2,"minecraft:tall_seagrass":1,"minecraft:weeping_vines_plant":6,"minecraft:polished_blackstone_bricks":76,"minecraft:magma_block":9,"minecraft:glowstone":1,"minecraft:cobbled_deepslate":1,"minecraft:fire":12,"minecraft:enchanting_table":1,"minecraft:brown_mushroom":20,"minecraft:blackstone":167,"minecraft:soul_fire":3,"minecraft:torch":4,"minecraft:glass":86,"minecraft:smooth_quartz_slab":1,"minecraft:nether_quartz_ore":283,"minecraft:cobblestone":117,"minecraft:grindstone":2,"minecraft:oak_planks":64,"minecraft:nether_wart_block":1,"minecraft:birch_log":72,"minecraft:wheat":5,"minecraft:birch_trapdoor":2,"minecraft:oak_log":249,"minecraft:sand":42,"minecraft:dirt":3428,"minecraft:stonecutter":2,"minecraft:ancient_debris":32,"minecraft:netherrack":17205,"minecraft:oak_leaves":223,"minecraft:nether_gold_ore":60,"minecraft:crimson_roots":8,"minecraft:weeping_vines":5,"minecraft:birch_slab":20,"minecraft:red_mushroom":2,"minecraft:crimson_stem":135,"minecraft:oak_trapdoor":7,"minecraft:gold_block":4,"minecraft:bookshelf":12,"minecraft:potatoes":86,"minecraft:rail":152,"minecraft:stone":505,"minecraft:smithing_table":5,"minecraft:oak_slab":52,"minecraft:soul_sand":7,"minecraft:basalt":245,"minecraft:short_grass":75,"minecraft:lectern":105,"minecraft:tall_grass":23,"minecraft:polished_blackstone_brick_stairs":1,"minecraft:diorite":3,"minecraft:birch_planks":91,"minecraft:birch_leaves":63,"minecraft:gravel":23,"minecraft:oak_button":2},"minecraft:killed_by":{"minecraft:evoker":1,"minecraft:zombie_villager":5,"minecraft:piglin_brute":1,"minecraft:ravager":3,"minecraft:magma_cube":1,"minecraft:vindicator":11,"minecraft:zombie":2,"minecraft:vex":8,"minecraft:player":5,"minecraft:iron_golem":2},"minecraft:dropped":{"minecraft:dark_oak_stairs":2,"minecraft:diamond_axe":1,"minecraft:lapis_lazuli":64,"minecraft:oak_log":55,"minecraft:baked_potato":83,"minecraft:crossbow":1,"minecraft:weeping_vines":2,"minecraft:leather":1,"minecraft:red_mushroom":1,"minecraft:cracked_polished_blackstone_bricks":18,"minecraft:dirt":192,"minecraft:crimson_roots":1,"minecraft:polished_blackstone_bricks":41,"minecraft:gold_ingot":7,"minecraft:bone":11,"minecraft:gravel":2,"minecraft:blackstone":31,"minecraft:golden_chestplate":1,"minecraft:cobbled_deepslate":68,"minecraft:rotten_flesh":12,"minecraft:diamond_shovel":1,"minecraft:poppy":236,"minecraft:gunpowder":5,"minecraft:basalt":114,"minecraft:arrow":6,"minecraft:quartz":3,"minecraft:netherrack":2746,"minecraft:bread":78,"minecraft:wheat_seeds":10,"minecraft:poisonous_potato":1,"minecraft:cobblestone":1,"minecraft:apple":4,"minecraft:grass_block":278,"minecraft:stick":2,"minecraft:lava_bucket":1,"minecraft:diorite":5,"minecraft:white_banner":5,"minecraft:string":9,"minecraft:redstone":64,"minecraft:diamond_sword":6,"minecraft:potato":330,"minecraft:diamond_pickaxe":2,"minecraft:diamond_boots":2,"minecraft:magma_block":2}},"DataVersion":3953}