{"stats":{"minecraft:crafted":{"minecraft:oak_planks":272,"minecraft:oak_pressure_plate":3,"minecraft:birch_boat":1,"minecraft:birch_slab":12,"minecraft:diamond_shovel":1,"minecraft:bookshelf":15,"minecraft:oak_trapdoor":2,"minecraft:diamond_helmet":3,"minecraft:diamond_leggings":2,"minecraft:chest":17,"minecraft:diamond_boots":2,"minecraft:iron_door":3,"minecraft:oak_button":3,"minecraft:netherite_scrap":37,"minecraft:sugar":48,"minecraft:glass_bottle":15,"minecraft:diamond_sword":1,"minecraft:emerald":824,"minecraft:diamond_axe":1,"minecraft:crafting_table":3,"minecraft:baked_potato":179,"minecraft:birch_pressure_plate":1,"minecraft:birch_planks":140,"minecraft:enchanted_book":17,"minecraft:air":0,"minecraft:oak_boat":17,"minecraft:lectern":1,"minecraft:diamond_pickaxe":3,"minecraft:golden_apple":10,"minecraft:stick":96,"minecraft:fermented_spider_eye":4,"minecraft:birch_trapdoor":2,"minecraft:iron_block":4,"minecraft:gold_ingot":82,"minecraft:netherite_ingot":9,"minecraft:diamond_chestplate":1},"minecraft:picked_up":{"minecraft:crafting_table":1,"minecraft:iron_chestplate":4,"minecraft:wheat":6,"minecraft:splash_potion":11,"minecraft:smithing_table":6,"minecraft:brown_mushroom":22,"minecraft:diamond_sword":29,"minecraft:enchanted_book":12,"minecraft:potion":3,"minecraft:diamond_horse_armor":1,"minecraft:brewing_stand":5,"minecraft:golden_sword":1,"minecraft:shield":25,"minecraft:oak_trapdoor":19,"minecraft:string":17,"minecraft:blackstone":89,"minecraft:oak_sign":14,"minecraft:diamond_leggings":25,"minecraft:gold_nugget":324,"minecraft:cobbled_deepslate":840,"minecraft:bucket":3,"minecraft:oak_boat":69,"minecraft:poppy":251,"minecraft:iron_pickaxe":1,"minecraft:lectern":106,"minecraft:minecart":42,"minecraft:sugar_cane":653,"minecraft:chest":18,"minecraft:tipped_arrow":20,"minecraft:stick":293,"minecraft:birch_trapdoor":1,"minecraft:torch":67,"minecraft:porkchop":21,"minecraft:diorite":18,"minecraft:redstone":112,"minecraft:golden_chestplate":3,"minecraft:dark_oak_planks":1,"minecraft:weeping_vines":1,"minecraft:arrow":662,"minecraft:rotten_flesh":79,"minecraft:diamond_chestplate":29,"minecraft:shears":2,"minecraft:diamond_boots":28,"minecraft:iron_block":4,"minecraft:bookshelf":3,"minecraft:gold_ingot":93,"minecraft:totem_of_undying":9,"minecraft:blaze_rod":1,"minecraft:crimson_stem":27,"minecraft:blaze_powder":5,"minecraft:rail":514,"minecraft:cobblestone":687,"minecraft:birch_log":27,"minecraft:furnace_minecart":1,"minecraft:basalt":364,"minecraft:magma_cream":2,"minecraft:birch_slab":30,"minecraft:iron_door":12,"minecraft:water_bucket":24,"minecraft:leather":2,"minecraft:golden_leggings":4,"minecraft:red_mushroom":4,"minecraft:potato":468,"minecraft:birch_planks":274,"minecraft:crimson_fungus":2,"minecraft:oak_log":288,"minecraft:ancient_debris":45,"minecraft:nether_wart_block":1,"minecraft:gunpowder":12,"minecraft:lapis_lazuli":64,"minecraft:paper":312,"minecraft:dirt":5004,"minecraft:white_banner":36,"minecraft:name_tag":6,"minecraft:bone":22,"minecraft:apple":74,"minecraft:stonecutter":2,"minecraft:bow":19,"minecraft:wheat_seeds":90,"minecraft:raw_gold":15,"minecraft:grindstone":2,"minecraft:iron_ingot":810,"minecraft:stone_pickaxe":2,"minecraft:glowstone_dust":4,"minecraft:diamond_helmet":13,"minecraft:glass_bottle":16,"minecraft:oak_planks":261,"minecraft:iron_sword":4,"minecraft:dark_oak_stairs":4,"minecraft:book":59,"minecraft:oak_slab":86,"minecraft:dark_oak_slab":1,"minecraft:birch_boat":17,"minecraft:sand":72,"minecraft:quartz":184,"minecraft:oak_pressure_plate":2,"minecraft:poisonous_potato":5,"minecraft:gravel":54,"minecraft:lava_bucket":14,"minecraft:white_bed":2,"minecraft:grass_block":325,"minecraft:dark_oak_log":1,"minecraft:spider_eye":23,"minecraft:diamond_shovel":26,"minecraft:sugar":86,"minecraft:diamond":63,"minecraft:spruce_boat":2,"minecraft:iron_helmet":4,"minecraft:crossbow":15,"minecraft:diamond_axe":26,"minecraft:golden_apple":82,"minecraft:bread":38,"minecraft:emerald":281,"minecraft:oak_button":2,"minecraft:baked_potato":396,"minecraft:oak_sapling":254,"minecraft:netherrack":6189,"minecraft:coal":950,"minecraft:crimson_roots":2,"minecraft:diamond_pickaxe":26},"minecraft:used":{"minecraft:oak_trapdoor":18,"minecraft:oak_sign":2,"minecraft:chest":6,"minecraft:shield":2,"minecraft:iron_sword":22,"minecraft:netherrack":39,"minecraft:iron_chestplate":2,"minecraft:brewing_stand":3,"minecraft:dirt":4297,"minecraft:birch_pressure_plate":1,"minecraft:diamond_helmet":1,"minecraft:golden_chestplate":1,"minecraft:spruce_boat":1,"minecraft:dark_oak_planks":1,"minecraft:lava_bucket":31,"minecraft:bookshelf":12,"minecraft:iron_block":2,"minecraft:grass_block":64,"minecraft:iron_helmet":2,"minecraft:birch_trapdoor":3,"minecraft:basalt":116,"minecraft:diamond_chestplate":4,"minecraft:bow":66,"minecraft:oak_sapling":44,"minecraft:minecart":9,"minecraft:potato":163,"minecraft:diorite":2,"minecraft:water_bucket":120,"minecraft:diamond_boots":5,"minecraft:birch_planks":138,"minecraft:glass_bottle":15,"minecraft:stone_pickaxe":9,"minecraft:baked_potato":177,"minecraft:oak_planks":96,"minecraft:blackstone":1,"minecraft:birch_boat":1,"minecraft:stonecutter":1,"minecraft:diamond_axe":911,"minecraft:rail":240,"minecraft:oak_slab":57,"minecraft:crafting_table":2,"minecraft:crossbow":1,"minecraft:diamond_pickaxe":18311,"minecraft:diamond_shovel":5576,"minecraft:dark_oak_log":1,"minecraft:birch_slab":23,"minecraft:bread":12,"minecraft:oak_button":5,"minecraft:lectern":108,"minecraft:oak_pressure_plate":5,"minecraft:iron_door":2,"minecraft:gravel":7,"minecraft:diamond_sword":473,"minecraft:potion":2,"minecraft:cobblestone":137,"minecraft:grindstone":1,"minecraft:smithing_table":6,"minecraft:bucket":154,"minecraft:oak_boat":46,"minecraft:air":2,"minecraft:splash_potion":8,"minecraft:diamond_leggings":2},"minecraft:custom":{"minecraft:interact_with_smithing_table":10,"minecraft:mob_kills":123,"minecraft:interact_with_anvil":9,"minecraft:inspect_hopper":1,"minecraft:interact_with_crafting_table":66,"minecraft:open_barrel":1,"minecraft:leave_game":14,"minecraft:time_since_death":19599,"minecraft:sprint_one_cm":1709457,"minecraft:walk_one_cm":2479695,"minecraft:damage_blocked_by_shield":90,"minecraft:drop":593,"minecraft:talked_to_villager":614,"minecraft:raid_win":1,"minecraft:play_time":674128,"minecraft:deaths":41,"minecraft:sneak_time":19116,"minecraft:walk_under_water_one_cm":11683,"minecraft:boat_one_cm":398909,"minecraft:jump":11050,"minecraft:interact_with_brewingstand":21,"minecraft:walk_on_water_one_cm":91845,"minecraft:total_world_time":674128,"minecraft:interact_with_furnace":112,"minecraft:traded_with_villager":854,"minecraft:interact_with_grindstone":5,"minecraft:interact_with_stonecutter":1,"minecraft:sleep_in_bed":12,"minecraft:time_since_rest":12573,"minecraft:damage_taken":19459,"minecraft:minecart_one_cm":2,"minecraft:damage_dealt":26328,"minecraft:swim_one_cm":5676,"minecraft:fly_one_cm":2625527,"minecraft:player_kills":4,"minecraft:open_chest":624,"minecraft:crouch_one_cm":66771,"minecraft:fall_one_cm":108464,"minecraft:horse_one_cm":3219},"minecraft:killed":{"minecraft:evoker":2,"minecraft:zombified_piglin":2,"minecraft:witch":5,"minecraft:spider":9,"minecraft:phantom":1,"minecraft:skeleton":23,"minecraft:cat":1,"minecraft:magma_cube":16,"minecraft:piglin":1,"minecraft:zombie_villager":2,"minecraft:iron_golem":6,"minecraft:creeper":8,"minecraft:pillager":6,"minecraft:zombie":34,"minecraft:villager":3},"minecraft:broken":{"minecraft:diamond_helmet":1},"minecraft:mined":{"minecraft:nether_gold_ore":57,"minecraft:farmland":5,"minecraft:white_bed":1,"minecraft:brewing_stand":4,"minecraft:grass_block":2065,"minecraft:crimson_roots":3,"minecraft:weeping_vines":2,"minecraft:oak_pressure_plate":2,"minecraft:birch_slab":20,"minecraft:crimson_fungus":2,"minecraft:red_mushroom":1,"minecraft:oak_wall_sign":1,"minecraft:crimson_stem":29,"minecraft:weeping_vines_plant":2,"minecraft:tall_seagrass":1,"minecraft:oak_trapdoor":7,"minecraft:glowstone":1,"minecraft:fire":5,"minecraft:cobbled_deepslate":1,"minecraft:enchanting_table":1,"minecraft:bookshelf":12,"minecraft:potatoes":86,"minecraft:rail":152,"minecraft:stone":505,"minecraft:smithing_table":5,"minecraft:oak_slab":52,"minecraft:brown_mushroom":12,"minecraft:blackstone":47,"minecraft:basalt":217,"minecraft:torch":4,"minecraft:short_grass":74,"minecraft:lectern":105,"minecraft:cobblestone":117,"minecraft:tall_grass":23,"minecraft:nether_quartz_ore":282,"minecraft:glass":86,"minecraft:grindstone":2,"minecraft:oak_planks":64,"minecraft:diorite":3,"minecraft:birch_planks":82,"minecraft:nether_wart_block":1,"minecraft:wheat":5,"minecraft:birch_log":28,"minecraft:birch_trapdoor":2,"minecraft:birch_leaves":6,"minecraft:oak_log":249,"minecraft:gravel":23,"minecraft:sand":42,"minecraft:dirt":3428,"minecraft:ancient_debris":32,"minecraft:oak_button":2,"minecraft:stonecutter":2,"minecraft:netherrack":16869,"minecraft:oak_leaves":149},"minecraft:killed_by":{"minecraft:evoker":1,"minecraft:zombie_villager":5,"minecraft:player":5,"minecraft:iron_golem":2,"minecraft:ravager":3,"minecraft:magma_cube":1,"minecraft:vindicator":11,"minecraft:zombie":1,"minecraft:vex":8},"minecraft:dropped":{"minecraft:bread":78,"minecraft:dark_oak_stairs":2,"minecraft:wheat_seeds":10,"minecraft:lapis_lazuli":64,"minecraft:oak_log":55,"minecraft:baked_potato":82,"minecraft:poisonous_potato":1,"minecraft:cobblestone":1,"minecraft:apple":4,"minecraft:grass_block":278,"minecraft:red_mushroom":1,"minecraft:stick":2,"minecraft:lava_bucket":1,"minecraft:dirt":26,"minecraft:diorite":5,"minecraft:white_banner":5,"minecraft:string":9,"minecraft:gravel":2,"minecraft:bone":9,"minecraft:redstone":64,"minecraft:blackstone":28,"minecraft:golden_chestplate":1,"minecraft:cobbled_deepslate":68,"minecraft:rotten_flesh":12,"minecraft:diamond_shovel":1,"minecraft:diamond_sword":4,"minecraft:poppy":236,"minecraft:potato":330,"minecraft:gunpowder":5,"minecraft:diamond_pickaxe":2,"minecraft:diamond_boots":1,"minecraft:basalt":48,"minecraft:arrow":3,"minecraft:netherrack":2304}},"DataVersion":3953}