{"stats":{"minecraft:killed_by":{"minecraft:evoker":1,"minecraft:zombie_villager":3,"minecraft:player":4,"minecraft:iron_golem":1,"minecraft:ravager":3,"minecraft:vindicator":11,"minecraft:zombie":1,"minecraft:vex":8},"minecraft:used":{"minecraft:oak_trapdoor":4,"minecraft:iron_sword":22,"minecraft:netherrack":28,"minecraft:iron_chestplate":2,"minecraft:brewing_stand":1,"minecraft:dirt":81,"minecraft:birch_pressure_plate":1,"minecraft:diamond_helmet":1,"minecraft:golden_chestplate":1,"minecraft:lava_bucket":31,"minecraft:iron_block":2,"minecraft:grass_block":44,"minecraft:iron_helmet":2,"minecraft:diamond_chestplate":4,"minecraft:bow":43,"minecraft:oak_sapling":44,"minecraft:minecart":6,"minecraft:potato":103,"minecraft:water_bucket":73,"minecraft:diorite":2,"minecraft:diamond_boots":4,"minecraft:birch_planks":123,"minecraft:oak_planks":37,"minecraft:baked_potato":74,"minecraft:birch_boat":1,"minecraft:diamond_axe":442,"minecraft:rail":180,"minecraft:oak_slab":52,"minecraft:crafting_table":1,"minecraft:crossbow":1,"minecraft:diamond_pickaxe":237,"minecraft:diamond_shovel":43,"minecraft:bread":4,"minecraft:oak_button":5,"minecraft:lectern":26,"minecraft:oak_pressure_plate":1,"minecraft:iron_door":2,"minecraft:diamond_sword":248,"minecraft:cobblestone":74,"minecraft:bucket":106,"minecraft:oak_boat":23,"minecraft:diamond_leggings":2,"minecraft:splash_potion":2},"minecraft:dropped":{"minecraft:lapis_lazuli":64,"minecraft:oak_log":55,"minecraft:baked_potato":57,"minecraft:apple":4,"minecraft:grass_block":278,"minecraft:lava_bucket":1,"minecraft:dirt":25,"minecraft:diorite":5,"minecraft:string":9,"minecraft:bone":8,"minecraft:redstone":64,"minecraft:golden_chestplate":1,"minecraft:cobbled_deepslate":68,"minecraft:rotten_flesh":10,"minecraft:diamond_sword":3,"minecraft:potato":120,"minecraft:gunpowder":5},"minecraft:mined":{"minecraft:brewing_stand":1,"minecraft:grass_block":16,"minecraft:tall_seagrass":1,"minecraft:oak_trapdoor":1,"minecraft:cobbled_deepslate":1,"minecraft:fire":1,"minecraft:potatoes":86,"minecraft:rail":127,"minecraft:stone":3,"minecraft:oak_slab":43,"minecraft:basalt":2,"minecraft:short_grass":3,"minecraft:lectern":23,"minecraft:glass":13,"minecraft:cobblestone":59,"minecraft:oak_planks":16,"minecraft:diorite":3,"minecraft:birch_planks":71,"minecraft:birch_log":23,"minecraft:oak_log":116,"minecraft:dirt":33,"minecraft:oak_button":2,"minecraft:netherrack":29,"minecraft:oak_leaves":125},"minecraft:broken":{"minecraft:diamond_helmet":1},"minecraft:custom":{"minecraft:interact_with_smithing_table":3,"minecraft:mob_kills":51,"minecraft:interact_with_anvil":2,"minecraft:interact_with_crafting_table":31,"minecraft:open_barrel":1,"minecraft:leave_game":6,"minecraft:time_since_death":14467,"minecraft:sprint_one_cm":736485,"minecraft:walk_one_cm":794987,"minecraft:drop":209,"minecraft:talked_to_villager":201,"minecraft:raid_win":1,"minecraft:play_time":237840,"minecraft:deaths":32,"minecraft:sneak_time":2644,"minecraft:walk_under_water_one_cm":1878,"minecraft:boat_one_cm":167882,"minecraft:jump":4337,"minecraft:interact_with_brewingstand":7,"minecraft:walk_on_water_one_cm":46127,"minecraft:total_world_time":237840,"minecraft:interact_with_furnace":48,"minecraft:interact_with_stonecutter":1,"minecraft:interact_with_grindstone":5,"minecraft:sleep_in_bed":5,"minecraft:time_since_rest":4267,"minecraft:damage_taken":13106,"minecraft:minecart_one_cm":2,"minecraft:damage_dealt":12864,"minecraft:swim_one_cm":4514,"minecraft:fly_one_cm":1100562,"minecraft:player_kills":3,"minecraft:open_chest":208,"minecraft:crouch_one_cm":13990,"minecraft:fall_one_cm":47119},"minecraft:crafted":{"minecraft:oak_pressure_plate":1,"minecraft:birch_boat":1,"minecraft:birch_slab":6,"minecraft:diamond_shovel":1,"minecraft:bookshelf":2,"minecraft:diamond_helmet":2,"minecraft:diamond_leggings":2,"minecraft:diamond_boots":2,"minecraft:iron_door":3,"minecraft:oak_button":3,"minecraft:netherite_scrap":5,"minecraft:sugar":6,"minecraft:glass_bottle":15,"minecraft:diamond_sword":1,"minecraft:diamond_axe":1,"minecraft:crafting_table":1,"minecraft:baked_potato":179,"minecraft:birch_pressure_plate":1,"minecraft:birch_planks":88,"minecraft:air":0,"minecraft:oak_boat":6,"minecraft:lectern":1,"minecraft:golden_apple":5,"minecraft:diamond_pickaxe":1,"minecraft:iron_block":4,"minecraft:netherite_ingot":1,"minecraft:diamond_chestplate":1},"minecraft:killed":{"minecraft:evoker":2,"minecraft:witch":3,"minecraft:spider":4,"minecraft:phantom":1,"minecraft:skeleton":12,"minecraft:cat":1,"minecraft:magma_cube":3,"minecraft:iron_golem":2,"minecraft:creeper":4,"minecraft:pillager":6,"minecraft:zombie":11,"minecraft:villager":1},"minecraft:picked_up":{"minecraft:iron_chestplate":4,"minecraft:diamond_sword":20,"minecraft:enchanted_book":11,"minecraft:diamond_horse_armor":1,"minecraft:brewing_stand":1,"minecraft:shield":17,"minecraft:string":11,"minecraft:oak_trapdoor":8,"minecraft:oak_sign":12,"minecraft:diamond_leggings":17,"minecraft:cobbled_deepslate":840,"minecraft:bucket":3,"minecraft:oak_boat":43,"minecraft:iron_pickaxe":1,"minecraft:poppy":15,"minecraft:minecart":35,"minecraft:lectern":24,"minecraft:sugar_cane":611,"minecraft:tipped_arrow":20,"minecraft:stick":225,"minecraft:torch":55,"minecraft:porkchop":21,"minecraft:diorite":18,"minecraft:redstone":86,"minecraft:golden_chestplate":3,"minecraft:arrow":649,"minecraft:diamond_chestplate":21,"minecraft:rotten_flesh":47,"minecraft:shears":1,"minecraft:diamond_boots":19,"minecraft:iron_block":4,"minecraft:totem_of_undying":9,"minecraft:bookshelf":2,"minecraft:gold_ingot":41,"minecraft:blaze_powder":3,"minecraft:rail":425,"minecraft:cobblestone":92,"minecraft:birch_log":22,"minecraft:basalt":2,"minecraft:iron_door":12,"minecraft:water_bucket":16,"minecraft:golden_leggings":2,"minecraft:potato":361,"minecraft:birch_planks":261,"minecraft:oak_log":155,"minecraft:gunpowder":10,"minecraft:lapis_lazuli":64,"minecraft:dirt":90,"minecraft:paper":204,"minecraft:white_banner":36,"minecraft:name_tag":6,"minecraft:bone":11,"minecraft:apple":64,"minecraft:bow":18,"minecraft:raw_gold":15,"minecraft:iron_ingot":523,"minecraft:diamond_helmet":11,"minecraft:glass_bottle":12,"minecraft:iron_sword":4,"minecraft:oak_planks":149,"minecraft:oak_slab":69,"minecraft:birch_boat":17,"minecraft:poisonous_potato":5,"minecraft:lava_bucket":14,"minecraft:grass_block":322,"minecraft:spider_eye":15,"minecraft:diamond_shovel":17,"minecraft:sugar":38,"minecraft:diamond":63,"minecraft:iron_helmet":4,"minecraft:crossbow":15,"minecraft:diamond_axe":18,"minecraft:golden_apple":66,"minecraft:bread":37,"minecraft:oak_button":2,"minecraft:baked_potato":155,"minecraft:oak_sapling":226,"minecraft:netherrack":68,"minecraft:coal":885,"minecraft:diamond_pickaxe":19}},"DataVersion":3953}