{"stats":{"minecraft:killed_by":{"minecraft:zombie_villager":2,"minecraft:player":3},"minecraft:used":{"minecraft:water_bucket":33,"minecraft:birch_planks":46,"minecraft:baked_potato":37,"minecraft:oak_planks":5,"minecraft:iron_sword":22,"minecraft:diamond_axe":162,"minecraft:netherrack":28,"minecraft:iron_chestplate":2,"minecraft:brewing_stand":1,"minecraft:dirt":81,"minecraft:rail":72,"minecraft:oak_slab":34,"minecraft:crossbow":1,"minecraft:diamond_pickaxe":86,"minecraft:lava_bucket":1,"minecraft:diamond_shovel":41,"minecraft:grass_block":44,"minecraft:oak_button":1,"minecraft:iron_helmet":2,"minecraft:diamond_sword":48,"minecraft:cobblestone":73,"minecraft:oak_sapling":2,"minecraft:minecart":3,"minecraft:bucket":35,"minecraft:oak_boat":21},"minecraft:dropped":{"minecraft:baked_potato":27,"minecraft:grass_block":278,"minecraft:lava_bucket":1,"minecraft:dirt":24},"minecraft:mined":{"minecraft:oak_slab":30,"minecraft:brewing_stand":1,"minecraft:short_grass":1,"minecraft:grass_block":15,"minecraft:cobblestone":46,"minecraft:glass":6,"minecraft:oak_planks":5,"minecraft:birch_planks":16,"minecraft:birch_log":23,"minecraft:oak_log":34,"minecraft:rail":3,"minecraft:dirt":33,"minecraft:stone":3,"minecraft:netherrack":29,"minecraft:oak_leaves":98},"minecraft:custom":{"minecraft:interact_with_smithing_table":1,"minecraft:interact_with_furnace":14,"minecraft:mob_kills":12,"minecraft:interact_with_anvil":1,"minecraft:interact_with_crafting_table":4,"minecraft:open_barrel":1,"minecraft:interact_with_stonecutter":1,"minecraft:leave_game":2,"minecraft:time_since_death":45558,"minecraft:sleep_in_bed":1,"minecraft:time_since_rest":45587,"minecraft:sprint_one_cm":254970,"minecraft:damage_taken":3024,"minecraft:walk_one_cm":351030,"minecraft:drop":35,"minecraft:damage_dealt":4000,"minecraft:talked_to_villager":17,"minecraft:fly_one_cm":451543,"minecraft:player_kills":1,"minecraft:open_chest":68,"minecraft:crouch_one_cm":12660,"minecraft:play_time":103998,"minecraft:deaths":5,"minecraft:sneak_time":1827,"minecraft:walk_under_water_one_cm":192,"minecraft:boat_one_cm":167882,"minecraft:jump":1750,"minecraft:interact_with_brewingstand":1,"minecraft:walk_on_water_one_cm":17448,"minecraft:total_world_time":103998,"minecraft:fall_one_cm":16603},"minecraft:crafted":{"minecraft:diamond_sword":1,"minecraft:diamond_axe":1,"minecraft:baked_potato":155,"minecraft:diamond_shovel":1,"minecraft:birch_planks":88,"minecraft:air":0,"minecraft:oak_boat":6,"minecraft:diamond_helmet":1,"minecraft:diamond_leggings":1,"minecraft:diamond_pickaxe":1,"minecraft:diamond_boots":1,"minecraft:oak_button":1,"minecraft:diamond_chestplate":1},"minecraft:killed":{"minecraft:cat":1,"minecraft:spider":1,"minecraft:iron_golem":2,"minecraft:creeper":1,"minecraft:skeleton":6,"minecraft:zombie":1},"minecraft:picked_up":{"minecraft:birch_log":22,"minecraft:iron_chestplate":4,"minecraft:water_bucket":2,"minecraft:diamond_sword":2,"minecraft:potato":128,"minecraft:birch_planks":123,"minecraft:oak_log":33,"minecraft:brewing_stand":1,"minecraft:shield":1,"minecraft:string":2,"minecraft:dirt":76,"minecraft:diamond_leggings":2,"minecraft:bucket":2,"minecraft:iron_ingot":22,"minecraft:oak_boat":24,"minecraft:poppy":6,"minecraft:iron_pickaxe":1,"minecraft:diamond_helmet":1,"minecraft:minecart":2,"minecraft:oak_planks":5,"minecraft:iron_sword":4,"minecraft:tipped_arrow":20,"minecraft:oak_slab":40,"minecraft:stick":83,"minecraft:lava_bucket":1,"minecraft:poisonous_potato":4,"minecraft:grass_block":322,"minecraft:arrow":3,"minecraft:diamond_shovel":2,"minecraft:rotten_flesh":2,"minecraft:diamond_chestplate":2,"minecraft:diamond":63,"minecraft:iron_helmet":4,"minecraft:diamond_boots":2,"minecraft:crossbow":4,"minecraft:diamond_axe":2,"minecraft:baked_potato":44,"minecraft:oak_sapling":5,"minecraft:netherrack":27,"minecraft:rail":68,"minecraft:coal":39,"minecraft:blaze_powder":3,"minecraft:cobblestone":75,"minecraft:diamond_pickaxe":2}},"DataVersion":3953}