{"stats":{"minecraft:killed_by":{"minecraft:player":3},"minecraft:used":{"minecraft:diamond_pickaxe":15,"minecraft:diamond_shovel":30,"minecraft:grass_block":44,"minecraft:baked_potato":14,"minecraft:iron_helmet":2,"minecraft:iron_sword":21,"minecraft:diamond_axe":1,"minecraft:iron_chestplate":2,"minecraft:diamond_sword":25,"minecraft:dirt":73,"minecraft:cobblestone":38,"minecraft:oak_slab":8,"minecraft:crossbow":1,"minecraft:oak_boat":4},"minecraft:dropped":{"minecraft:baked_potato":1,"minecraft:grass_block":139},"minecraft:mined":{"minecraft:grass_block":7,"minecraft:dirt":26,"minecraft:glass":6,"minecraft:cobblestone":10,"minecraft:stone":3},"minecraft:custom":{"minecraft:interact_with_smithing_table":1,"minecraft:time_since_rest":26070,"minecraft:interact_with_furnace":2,"minecraft:sprint_one_cm":85117,"minecraft:damage_taken":1534,"minecraft:walk_one_cm":109641,"minecraft:mob_kills":7,"minecraft:interact_with_anvil":1,"minecraft:drop":4,"minecraft:damage_dealt":2018,"minecraft:player_kills":1,"minecraft:talked_to_villager":11,"minecraft:interact_with_crafting_table":3,"minecraft:fly_one_cm":148787,"minecraft:open_chest":38,"minecraft:crouch_one_cm":2369,"minecraft:play_time":29958,"minecraft:deaths":3,"minecraft:sneak_time":642,"minecraft:boat_one_cm":11128,"minecraft:jump":568,"minecraft:interact_with_stonecutter":1,"minecraft:time_since_death":26045,"minecraft:total_world_time":29958,"minecraft:fall_one_cm":4572},"minecraft:crafted":{"minecraft:oak_boat":6,"minecraft:diamond_sword":1,"minecraft:diamond_helmet":1,"minecraft:diamond_leggings":1,"minecraft:diamond_pickaxe":1,"minecraft:diamond_axe":1,"minecraft:baked_potato":12,"minecraft:diamond_boots":1,"minecraft:diamond_shovel":1,"minecraft:air":0,"minecraft:diamond_chestplate":1},"minecraft:killed":{"minecraft:skeleton":4,"minecraft:spider":1,"minecraft:iron_golem":1,"minecraft:creeper":1},"minecraft:picked_up":{"minecraft:tipped_arrow":10,"minecraft:stick":2,"minecraft:iron_chestplate":2,"minecraft:potato":128,"minecraft:poisonous_potato":2,"minecraft:grass_block":322,"minecraft:string":1,"minecraft:dirt":54,"minecraft:arrow":1,"minecraft:diamond":63,"minecraft:iron_ingot":4,"minecraft:iron_helmet":2,"minecraft:crossbow":2,"minecraft:oak_boat":3,"minecraft:poppy":1,"minecraft:iron_pickaxe":1,"minecraft:baked_potato":12,"minecraft:iron_sword":2,"minecraft:cobblestone":39}},"DataVersion":3953}