{"stats":{"minecraft:crafted":{"minecraft:oak_planks":272,"minecraft:oak_pressure_plate":3,"minecraft:birch_boat":1,"minecraft:birch_slab":12,"minecraft:diamond_shovel":1,"minecraft:bookshelf":3,"minecraft:oak_trapdoor":2,"minecraft:diamond_helmet":2,"minecraft:diamond_leggings":2,"minecraft:chest":6,"minecraft:diamond_boots":2,"minecraft:oak_button":3,"minecraft:iron_door":3,"minecraft:netherite_scrap":5,"minecraft:sugar":6,"minecraft:glass_bottle":15,"minecraft:diamond_sword":1,"minecraft:emerald":4,"minecraft:diamond_axe":1,"minecraft:crafting_table":2,"minecraft:baked_potato":179,"minecraft:birch_pressure_plate":1,"minecraft:birch_planks":88,"minecraft:air":0,"minecraft:oak_boat":17,"minecraft:lectern":1,"minecraft:golden_apple":5,"minecraft:diamond_pickaxe":1,"minecraft:iron_block":4,"minecraft:netherite_ingot":1,"minecraft:diamond_chestplate":1},"minecraft:picked_up":{"minecraft:iron_chestplate":4,"minecraft:smithing_table":5,"minecraft:diamond_sword":21,"minecraft:enchanted_book":12,"minecraft:diamond_horse_armor":1,"minecraft:brewing_stand":3,"minecraft:shield":18,"minecraft:string":11,"minecraft:oak_trapdoor":13,"minecraft:oak_sign":14,"minecraft:diamond_leggings":18,"minecraft:cobbled_deepslate":840,"minecraft:bucket":3,"minecraft:oak_boat":54,"minecraft:poppy":245,"minecraft:iron_pickaxe":1,"minecraft:lectern":30,"minecraft:minecart":38,"minecraft:sugar_cane":653,"minecraft:tipped_arrow":20,"minecraft:stick":227,"minecraft:torch":61,"minecraft:porkchop":21,"minecraft:diorite":18,"minecraft:redstone":86,"minecraft:golden_chestplate":3,"minecraft:rotten_flesh":52,"minecraft:arrow":655,"minecraft:diamond_chestplate":22,"minecraft:shears":2,"minecraft:diamond_boots":21,"minecraft:iron_block":4,"minecraft:totem_of_undying":9,"minecraft:bookshelf":3,"minecraft:gold_ingot":41,"minecraft:blaze_powder":5,"minecraft:rail":441,"minecraft:cobblestone":96,"minecraft:birch_log":22,"minecraft:basalt":3,"minecraft:birch_slab":26,"minecraft:iron_door":12,"minecraft:water_bucket":17,"minecraft:leather":2,"minecraft:golden_leggings":2,"minecraft:potato":451,"minecraft:birch_planks":266,"minecraft:oak_log":221,"minecraft:gunpowder":10,"minecraft:paper":312,"minecraft:lapis_lazuli":64,"minecraft:dirt":135,"minecraft:white_banner":36,"minecraft:name_tag":6,"minecraft:bone":15,"minecraft:apple":64,"minecraft:stonecutter":2,"minecraft:bow":19,"minecraft:raw_gold":15,"minecraft:grindstone":2,"minecraft:iron_ingot":526,"minecraft:diamond_helmet":12,"minecraft:glass_bottle":15,"minecraft:iron_sword":4,"minecraft:oak_planks":213,"minecraft:oak_slab":73,"minecraft:birch_boat":17,"minecraft:oak_pressure_plate":2,"minecraft:poisonous_potato":5,"minecraft:lava_bucket":14,"minecraft:white_bed":2,"minecraft:grass_block":323,"minecraft:spider_eye":18,"minecraft:diamond_shovel":19,"minecraft:sugar":46,"minecraft:diamond":63,"minecraft:spruce_boat":2,"minecraft:iron_helmet":4,"minecraft:crossbow":15,"minecraft:diamond_axe":19,"minecraft:golden_apple":70,"minecraft:bread":37,"minecraft:oak_button":2,"minecraft:baked_potato":213,"minecraft:oak_sapling":239,"minecraft:netherrack":68,"minecraft:coal":885,"minecraft:diamond_pickaxe":20},"minecraft:used":{"minecraft:oak_trapdoor":10,"minecraft:oak_sign":2,"minecraft:chest":2,"minecraft:iron_sword":22,"minecraft:netherrack":28,"minecraft:iron_chestplate":2,"minecraft:brewing_stand":2,"minecraft:dirt":101,"minecraft:birch_pressure_plate":1,"minecraft:diamond_helmet":1,"minecraft:golden_chestplate":1,"minecraft:spruce_boat":1,"minecraft:lava_bucket":31,"minecraft:iron_block":2,"minecraft:grass_block":44,"minecraft:iron_helmet":2,"minecraft:diamond_chestplate":4,"minecraft:bow":66,"minecraft:oak_sapling":44,"minecraft:minecart":8,"minecraft:potato":163,"minecraft:water_bucket":111,"minecraft:diorite":2,"minecraft:diamond_boots":4,"minecraft:birch_planks":128,"minecraft:stone_pickaxe":6,"minecraft:baked_potato":89,"minecraft:oak_planks":58,"minecraft:birch_boat":1,"minecraft:stonecutter":1,"minecraft:diamond_axe":611,"minecraft:rail":223,"minecraft:crafting_table":2,"minecraft:oak_slab":55,"minecraft:crossbow":1,"minecraft:diamond_pickaxe":251,"minecraft:diamond_shovel":90,"minecraft:birch_slab":23,"minecraft:bread":12,"minecraft:oak_button":5,"minecraft:lectern":30,"minecraft:oak_pressure_plate":5,"minecraft:iron_door":2,"minecraft:diamond_sword":285,"minecraft:cobblestone":104,"minecraft:grindstone":1,"minecraft:smithing_table":5,"minecraft:bucket":145,"minecraft:oak_boat":37,"minecraft:splash_potion":2,"minecraft:diamond_leggings":2},"minecraft:custom":{"minecraft:interact_with_smithing_table":3,"minecraft:mob_kills":69,"minecraft:interact_with_anvil":2,"minecraft:interact_with_crafting_table":41,"minecraft:open_barrel":1,"minecraft:leave_game":9,"minecraft:time_since_death":46296,"minecraft:sprint_one_cm":970147,"minecraft:walk_one_cm":1059183,"minecraft:drop":358,"minecraft:talked_to_villager":277,"minecraft:raid_win":1,"minecraft:play_time":325500,"minecraft:deaths":33,"minecraft:sneak_time":6134,"minecraft:walk_under_water_one_cm":2030,"minecraft:boat_one_cm":284766,"minecraft:jump":5838,"minecraft:interact_with_brewingstand":9,"minecraft:walk_on_water_one_cm":80839,"minecraft:total_world_time":325500,"minecraft:interact_with_furnace":68,"minecraft:traded_with_villager":5,"minecraft:interact_with_grindstone":5,"minecraft:interact_with_stonecutter":1,"minecraft:sleep_in_bed":7,"minecraft:time_since_rest":46323,"minecraft:damage_taken":14119,"minecraft:minecart_one_cm":2,"minecraft:damage_dealt":15557,"minecraft:swim_one_cm":4514,"minecraft:fly_one_cm":1498677,"minecraft:player_kills":4,"minecraft:open_chest":339,"minecraft:crouch_one_cm":29612,"minecraft:fall_one_cm":60391,"minecraft:horse_one_cm":3219},"minecraft:killed":{"minecraft:evoker":2,"minecraft:witch":3,"minecraft:spider":5,"minecraft:phantom":1,"minecraft:skeleton":16,"minecraft:cat":1,"minecraft:magma_cube":4,"minecraft:iron_golem":4,"minecraft:creeper":6,"minecraft:pillager":6,"minecraft:zombie":16,"minecraft:villager":3},"minecraft:broken":{"minecraft:diamond_helmet":1},"minecraft:mined":{"minecraft:white_bed":1,"minecraft:brewing_stand":3,"minecraft:grass_block":27,"minecraft:oak_pressure_plate":2,"minecraft:birch_slab":17,"minecraft:oak_wall_sign":1,"minecraft:tall_seagrass":1,"minecraft:oak_trapdoor":5,"minecraft:cobbled_deepslate":1,"minecraft:fire":1,"minecraft:potatoes":86,"minecraft:rail":135,"minecraft:stone":3,"minecraft:smithing_table":5,"minecraft:oak_slab":46,"minecraft:basalt":2,"minecraft:torch":4,"minecraft:short_grass":3,"minecraft:lectern":29,"minecraft:cobblestone":63,"minecraft:glass":49,"minecraft:grindstone":2,"minecraft:oak_planks":28,"minecraft:diorite":3,"minecraft:birch_planks":77,"minecraft:birch_log":23,"minecraft:oak_log":182,"minecraft:dirt":69,"minecraft:stonecutter":2,"minecraft:oak_button":2,"minecraft:netherrack":29,"minecraft:oak_leaves":136},"minecraft:killed_by":{"minecraft:evoker":1,"minecraft:zombie_villager":4,"minecraft:player":4,"minecraft:iron_golem":1,"minecraft:ravager":3,"minecraft:vindicator":11,"minecraft:zombie":1,"minecraft:vex":8},"minecraft:dropped":{"minecraft:bread":59,"minecraft:lapis_lazuli":64,"minecraft:oak_log":55,"minecraft:baked_potato":57,"minecraft:poisonous_potato":1,"minecraft:apple":4,"minecraft:grass_block":278,"minecraft:stick":2,"minecraft:lava_bucket":1,"minecraft:dirt":25,"minecraft:diorite":5,"minecraft:white_banner":5,"minecraft:string":9,"minecraft:redstone":64,"minecraft:bone":8,"minecraft:golden_chestplate":1,"minecraft:cobbled_deepslate":68,"minecraft:rotten_flesh":12,"minecraft:diamond_shovel":1,"minecraft:diamond_sword":3,"minecraft:poppy":232,"minecraft:potato":195,"minecraft:gunpowder":5,"minecraft:diamond_boots":1,"minecraft:basalt":3}},"DataVersion":3953}