{"stats":{"minecraft:killed_by":{"minecraft:zombie_villager":2,"minecraft:player":3,"minecraft:iron_golem":1},"minecraft:used":{"minecraft:water_bucket":44,"minecraft:birch_planks":69,"minecraft:baked_potato":41,"minecraft:oak_planks":8,"minecraft:iron_sword":22,"minecraft:diamond_axe":206,"minecraft:netherrack":28,"minecraft:iron_chestplate":2,"minecraft:brewing_stand":1,"minecraft:dirt":81,"minecraft:rail":90,"minecraft:oak_slab":49,"minecraft:crossbow":1,"minecraft:diamond_pickaxe":106,"minecraft:lava_bucket":11,"minecraft:diamond_shovel":43,"minecraft:grass_block":44,"minecraft:oak_button":1,"minecraft:iron_helmet":2,"minecraft:bow":10,"minecraft:diamond_sword":74,"minecraft:cobblestone":73,"minecraft:oak_sapling":10,"minecraft:minecart":3,"minecraft:bucket":57,"minecraft:oak_boat":22,"minecraft:splash_potion":1},"minecraft:dropped":{"minecraft:baked_potato":47,"minecraft:grass_block":278,"minecraft:lava_bucket":1,"minecraft:dirt":24},"minecraft:mined":{"minecraft:oak_slab":41,"minecraft:brewing_stand":1,"minecraft:short_grass":2,"minecraft:grass_block":15,"minecraft:cobblestone":46,"minecraft:glass":6,"minecraft:oak_planks":9,"minecraft:diorite":1,"minecraft:birch_planks":33,"minecraft:birch_log":23,"minecraft:fire":1,"minecraft:oak_log":44,"minecraft:rail":20,"minecraft:dirt":33,"minecraft:stone":3,"minecraft:netherrack":29,"minecraft:oak_leaves":102},"minecraft:custom":{"minecraft:interact_with_smithing_table":2,"minecraft:interact_with_furnace":22,"minecraft:mob_kills":17,"minecraft:interact_with_anvil":1,"minecraft:interact_with_crafting_table":10,"minecraft:open_barrel":1,"minecraft:interact_with_grindstone":1,"minecraft:interact_with_stonecutter":1,"minecraft:leave_game":2,"minecraft:time_since_death":22948,"minecraft:sleep_in_bed":2,"minecraft:time_since_rest":12039,"minecraft:sprint_one_cm":330133,"minecraft:damage_taken":3391,"minecraft:walk_one_cm":424248,"minecraft:drop":55,"minecraft:damage_dealt":5248,"minecraft:talked_to_villager":20,"minecraft:fly_one_cm":583351,"minecraft:player_kills":1,"minecraft:open_chest":98,"minecraft:crouch_one_cm":12918,"minecraft:play_time":127998,"minecraft:deaths":6,"minecraft:sneak_time":1899,"minecraft:walk_under_water_one_cm":495,"minecraft:boat_one_cm":167882,"minecraft:jump":2226,"minecraft:interact_with_brewingstand":2,"minecraft:walk_on_water_one_cm":25151,"minecraft:total_world_time":127998,"minecraft:fall_one_cm":22318},"minecraft:crafted":{"minecraft:glass_bottle":15,"minecraft:diamond_sword":1,"minecraft:diamond_axe":1,"minecraft:baked_potato":168,"minecraft:diamond_shovel":1,"minecraft:birch_planks":88,"minecraft:air":0,"minecraft:oak_boat":6,"minecraft:golden_apple":1,"minecraft:diamond_helmet":1,"minecraft:diamond_leggings":1,"minecraft:diamond_pickaxe":1,"minecraft:diamond_boots":1,"minecraft:oak_button":1,"minecraft:netherite_ingot":1,"minecraft:netherite_scrap":5,"minecraft:diamond_chestplate":1},"minecraft:killed":{"minecraft:cat":1,"minecraft:spider":2,"minecraft:iron_golem":2,"minecraft:creeper":2,"minecraft:skeleton":9,"minecraft:zombie":1},"minecraft:picked_up":{"minecraft:birch_log":22,"minecraft:iron_chestplate":4,"minecraft:water_bucket":3,"minecraft:diamond_sword":3,"minecraft:potato":128,"minecraft:birch_planks":196,"minecraft:oak_log":86,"minecraft:brewing_stand":1,"minecraft:shield":2,"minecraft:gunpowder":1,"minecraft:string":2,"minecraft:dirt":80,"minecraft:apple":1,"minecraft:diamond_leggings":3,"minecraft:bucket":3,"minecraft:iron_ingot":37,"minecraft:oak_boat":25,"minecraft:poppy":9,"minecraft:iron_pickaxe":1,"minecraft:diamond_helmet":2,"minecraft:minecart":2,"minecraft:oak_planks":9,"minecraft:iron_sword":4,"minecraft:tipped_arrow":20,"minecraft:oak_slab":61,"minecraft:stick":126,"minecraft:lava_bucket":1,"minecraft:poisonous_potato":4,"minecraft:diorite":1,"minecraft:grass_block":322,"minecraft:arrow":7,"minecraft:diamond_shovel":3,"minecraft:rotten_flesh":2,"minecraft:diamond_chestplate":3,"minecraft:diamond":63,"minecraft:iron_helmet":4,"minecraft:diamond_boots":3,"minecraft:crossbow":4,"minecraft:diamond_axe":3,"minecraft:baked_potato":114,"minecraft:oak_sapling":13,"minecraft:netherrack":68,"minecraft:rail":145,"minecraft:coal":78,"minecraft:blaze_powder":3,"minecraft:cobblestone":77,"minecraft:diamond_pickaxe":3}},"DataVersion":3953}