{"stats":{"minecraft:killed_by":{"minecraft:player":3},"minecraft:used":{"minecraft:water_bucket":3,"minecraft:diamond_pickaxe":31,"minecraft:diamond_shovel":30,"minecraft:grass_block":44,"minecraft:baked_potato":16,"minecraft:iron_helmet":2,"minecraft:iron_sword":21,"minecraft:diamond_axe":8,"minecraft:iron_chestplate":2,"minecraft:brewing_stand":1,"minecraft:diamond_sword":30,"minecraft:dirt":73,"minecraft:cobblestone":51,"minecraft:oak_slab":17,"minecraft:bucket":3,"minecraft:crossbow":1,"minecraft:oak_boat":12},"minecraft:dropped":{"minecraft:baked_potato":1,"minecraft:grass_block":139},"minecraft:mined":{"minecraft:oak_slab":6,"minecraft:brewing_stand":1,"minecraft:grass_block":7,"minecraft:dirt":26,"minecraft:glass":6,"minecraft:cobblestone":25,"minecraft:stone":3},"minecraft:custom":{"minecraft:interact_with_smithing_table":1,"minecraft:time_since_rest":38070,"minecraft:interact_with_furnace":3,"minecraft:sprint_one_cm":118008,"minecraft:damage_taken":1571,"minecraft:walk_one_cm":149583,"minecraft:mob_kills":8,"minecraft:interact_with_anvil":1,"minecraft:drop":4,"minecraft:damage_dealt":2401,"minecraft:player_kills":1,"minecraft:talked_to_villager":14,"minecraft:interact_with_crafting_table":4,"minecraft:fly_one_cm":194937,"minecraft:open_chest":48,"minecraft:crouch_one_cm":5944,"minecraft:play_time":41958,"minecraft:deaths":3,"minecraft:sneak_time":888,"minecraft:boat_one_cm":101426,"minecraft:interact_with_brewingstand":1,"minecraft:jump":766,"minecraft:interact_with_stonecutter":1,"minecraft:walk_on_water_one_cm":1070,"minecraft:time_since_death":38045,"minecraft:total_world_time":41958,"minecraft:fall_one_cm":5886},"minecraft:crafted":{"minecraft:oak_boat":6,"minecraft:diamond_sword":1,"minecraft:diamond_helmet":1,"minecraft:diamond_leggings":1,"minecraft:diamond_pickaxe":1,"minecraft:diamond_axe":1,"minecraft:baked_potato":52,"minecraft:diamond_boots":1,"minecraft:diamond_shovel":1,"minecraft:air":0,"minecraft:diamond_chestplate":1},"minecraft:killed":{"minecraft:skeleton":4,"minecraft:spider":1,"minecraft:iron_golem":2,"minecraft:creeper":1},"minecraft:picked_up":{"minecraft:tipped_arrow":10,"minecraft:oak_slab":6,"minecraft:stick":2,"minecraft:iron_chestplate":2,"minecraft:water_bucket":1,"minecraft:potato":128,"minecraft:poisonous_potato":2,"minecraft:brewing_stand":1,"minecraft:grass_block":322,"minecraft:string":1,"minecraft:dirt":54,"minecraft:arrow":1,"minecraft:diamond":63,"minecraft:iron_ingot":7,"minecraft:iron_helmet":2,"minecraft:crossbow":2,"minecraft:oak_boat":8,"minecraft:poppy":1,"minecraft:iron_pickaxe":1,"minecraft:baked_potato":12,"minecraft:iron_sword":2,"minecraft:blaze_powder":3,"minecraft:cobblestone":54}},"DataVersion":3953}