{"stats":{"minecraft:crafted":{"minecraft:oak_planks":272,"minecraft:oak_pressure_plate":3,"minecraft:birch_boat":1,"minecraft:birch_slab":12,"minecraft:diamond_shovel":1,"minecraft:bookshelf":8,"minecraft:oak_trapdoor":2,"minecraft:diamond_helmet":2,"minecraft:diamond_leggings":2,"minecraft:chest":17,"minecraft:diamond_boots":2,"minecraft:iron_door":3,"minecraft:oak_button":3,"minecraft:netherite_scrap":37,"minecraft:sugar":48,"minecraft:glass_bottle":15,"minecraft:diamond_sword":1,"minecraft:emerald":584,"minecraft:diamond_axe":1,"minecraft:crafting_table":3,"minecraft:baked_potato":179,"minecraft:birch_pressure_plate":1,"minecraft:birch_planks":140,"minecraft:enchanted_book":15,"minecraft:air":0,"minecraft:oak_boat":17,"minecraft:lectern":1,"minecraft:diamond_pickaxe":3,"minecraft:golden_apple":10,"minecraft:stick":96,"minecraft:fermented_spider_eye":4,"minecraft:birch_trapdoor":2,"minecraft:iron_block":4,"minecraft:gold_ingot":82,"minecraft:netherite_ingot":9,"minecraft:diamond_chestplate":1},"minecraft:picked_up":{"minecraft:crafting_table":1,"minecraft:iron_chestplate":4,"minecraft:splash_potion":11,"minecraft:smithing_table":6,"minecraft:brown_mushroom":19,"minecraft:diamond_sword":28,"minecraft:enchanted_book":12,"minecraft:potion":3,"minecraft:diamond_horse_armor":1,"minecraft:brewing_stand":5,"minecraft:shield":24,"minecraft:oak_trapdoor":19,"minecraft:string":14,"minecraft:blackstone":89,"minecraft:oak_sign":14,"minecraft:diamond_leggings":24,"minecraft:gold_nugget":322,"minecraft:cobbled_deepslate":840,"minecraft:bucket":3,"minecraft:oak_boat":69,"minecraft:poppy":250,"minecraft:iron_pickaxe":1,"minecraft:lectern":106,"minecraft:minecart":42,"minecraft:sugar_cane":653,"minecraft:chest":18,"minecraft:tipped_arrow":20,"minecraft:stick":293,"minecraft:birch_trapdoor":1,"minecraft:torch":67,"minecraft:porkchop":21,"minecraft:diorite":18,"minecraft:redstone":112,"minecraft:golden_chestplate":3,"minecraft:dark_oak_planks":1,"minecraft:arrow":661,"minecraft:rotten_flesh":60,"minecraft:diamond_chestplate":28,"minecraft:shears":2,"minecraft:diamond_boots":27,"minecraft:iron_block":4,"minecraft:bookshelf":3,"minecraft:gold_ingot":43,"minecraft:totem_of_undying":9,"minecraft:blaze_rod":1,"minecraft:blaze_powder":5,"minecraft:rail":513,"minecraft:cobblestone":148,"minecraft:birch_log":22,"minecraft:furnace_minecart":1,"minecraft:basalt":364,"minecraft:magma_cream":2,"minecraft:birch_slab":28,"minecraft:iron_door":12,"minecraft:water_bucket":23,"minecraft:leather":2,"minecraft:golden_leggings":2,"minecraft:red_mushroom":4,"minecraft:potato":468,"minecraft:birch_planks":272,"minecraft:oak_log":287,"minecraft:ancient_debris":45,"minecraft:gunpowder":12,"minecraft:lapis_lazuli":64,"minecraft:paper":312,"minecraft:dirt":217,"minecraft:white_banner":36,"minecraft:name_tag":6,"minecraft:bone":20,"minecraft:apple":74,"minecraft:wheat_seeds":5,"minecraft:stonecutter":2,"minecraft:bow":19,"minecraft:raw_gold":15,"minecraft:grindstone":2,"minecraft:iron_ingot":806,"minecraft:stone_pickaxe":2,"minecraft:diamond_helmet":12,"minecraft:glass_bottle":16,"minecraft:oak_planks":232,"minecraft:iron_sword":4,"minecraft:dark_oak_stairs":4,"minecraft:book":19,"minecraft:oak_slab":85,"minecraft:birch_boat":17,"minecraft:quartz":184,"minecraft:oak_pressure_plate":2,"minecraft:poisonous_potato":5,"minecraft:gravel":52,"minecraft:lava_bucket":14,"minecraft:white_bed":2,"minecraft:grass_block":325,"minecraft:dark_oak_log":1,"minecraft:spider_eye":22,"minecraft:diamond_shovel":25,"minecraft:sugar":86,"minecraft:diamond":63,"minecraft:spruce_boat":2,"minecraft:iron_helmet":4,"minecraft:crossbow":15,"minecraft:diamond_axe":25,"minecraft:golden_apple":80,"minecraft:bread":38,"minecraft:emerald":125,"minecraft:oak_button":2,"minecraft:baked_potato":383,"minecraft:oak_sapling":254,"minecraft:netherrack":6163,"minecraft:coal":950,"minecraft:diamond_pickaxe":25},"minecraft:used":{"minecraft:oak_trapdoor":18,"minecraft:oak_sign":2,"minecraft:chest":6,"minecraft:iron_sword":22,"minecraft:netherrack":39,"minecraft:iron_chestplate":2,"minecraft:brewing_stand":3,"minecraft:dirt":168,"minecraft:birch_pressure_plate":1,"minecraft:diamond_helmet":1,"minecraft:golden_chestplate":1,"minecraft:spruce_boat":1,"minecraft:dark_oak_planks":1,"minecraft:lava_bucket":31,"minecraft:bookshelf":5,"minecraft:iron_block":2,"minecraft:grass_block":44,"minecraft:iron_helmet":2,"minecraft:birch_trapdoor":3,"minecraft:basalt":116,"minecraft:diamond_chestplate":4,"minecraft:bow":66,"minecraft:oak_sapling":44,"minecraft:minecart":9,"minecraft:potato":163,"minecraft:diorite":2,"minecraft:water_bucket":114,"minecraft:diamond_boots":5,"minecraft:birch_planks":138,"minecraft:glass_bottle":15,"minecraft:stone_pickaxe":9,"minecraft:baked_potato":141,"minecraft:oak_planks":80,"minecraft:blackstone":1,"minecraft:birch_boat":1,"minecraft:stonecutter":1,"minecraft:diamond_axe":810,"minecraft:rail":240,"minecraft:oak_slab":56,"minecraft:crafting_table":2,"minecraft:crossbow":1,"minecraft:diamond_pickaxe":17712,"minecraft:diamond_shovel":183,"minecraft:dark_oak_log":1,"minecraft:birch_slab":23,"minecraft:bread":12,"minecraft:oak_button":5,"minecraft:lectern":108,"minecraft:oak_pressure_plate":5,"minecraft:iron_door":2,"minecraft:gravel":7,"minecraft:diamond_sword":392,"minecraft:potion":2,"minecraft:cobblestone":133,"minecraft:grindstone":1,"minecraft:smithing_table":6,"minecraft:bucket":148,"minecraft:oak_boat":43,"minecraft:air":2,"minecraft:splash_potion":6,"minecraft:diamond_leggings":2},"minecraft:custom":{"minecraft:interact_with_smithing_table":6,"minecraft:mob_kills":98,"minecraft:interact_with_anvil":6,"minecraft:inspect_hopper":1,"minecraft:interact_with_crafting_table":65,"minecraft:open_barrel":1,"minecraft:leave_game":11,"minecraft:time_since_death":54285,"minecraft:sprint_one_cm":1434738,"minecraft:walk_one_cm":1898030,"minecraft:drop":462,"minecraft:talked_to_villager":572,"minecraft:raid_win":1,"minecraft:play_time":535628,"minecraft:deaths":40,"minecraft:sneak_time":13037,"minecraft:walk_under_water_one_cm":2455,"minecraft:boat_one_cm":337269,"minecraft:jump":8854,"minecraft:interact_with_brewingstand":21,"minecraft:walk_on_water_one_cm":81919,"minecraft:total_world_time":535628,"minecraft:interact_with_furnace":111,"minecraft:traded_with_villager":605,"minecraft:interact_with_grindstone":5,"minecraft:interact_with_stonecutter":1,"minecraft:sleep_in_bed":8,"minecraft:time_since_rest":54316,"minecraft:damage_taken":17861,"minecraft:minecart_one_cm":2,"minecraft:damage_dealt":21416,"minecraft:swim_one_cm":4514,"minecraft:fly_one_cm":2155725,"minecraft:player_kills":4,"minecraft:open_chest":541,"minecraft:crouch_one_cm":42243,"minecraft:fall_one_cm":83079,"minecraft:horse_one_cm":3219},"minecraft:killed":{"minecraft:evoker":2,"minecraft:zombified_piglin":1,"minecraft:witch":5,"minecraft:spider":7,"minecraft:phantom":1,"minecraft:skeleton":21,"minecraft:cat":1,"minecraft:magma_cube":16,"minecraft:zombie_villager":2,"minecraft:iron_golem":6,"minecraft:creeper":6,"minecraft:pillager":6,"minecraft:zombie":18,"minecraft:villager":3},"minecraft:broken":{"minecraft:diamond_helmet":1},"minecraft:mined":{"minecraft:nether_gold_ore":57,"minecraft:white_bed":1,"minecraft:brewing_stand":4,"minecraft:grass_block":42,"minecraft:oak_pressure_plate":2,"minecraft:birch_slab":19,"minecraft:red_mushroom":1,"minecraft:oak_wall_sign":1,"minecraft:tall_seagrass":1,"minecraft:oak_trapdoor":7,"minecraft:fire":1,"minecraft:cobbled_deepslate":1,"minecraft:bookshelf":5,"minecraft:potatoes":86,"minecraft:rail":151,"minecraft:stone":16,"minecraft:smithing_table":5,"minecraft:oak_slab":51,"minecraft:brown_mushroom":9,"minecraft:blackstone":47,"minecraft:basalt":217,"minecraft:torch":4,"minecraft:short_grass":4,"minecraft:lectern":105,"minecraft:cobblestone":83,"minecraft:tall_grass":2,"minecraft:nether_quartz_ore":282,"minecraft:glass":52,"minecraft:grindstone":2,"minecraft:oak_planks":42,"minecraft:diorite":3,"minecraft:birch_planks":81,"minecraft:birch_log":23,"minecraft:birch_trapdoor":2,"minecraft:oak_log":248,"minecraft:gravel":21,"minecraft:dirt":142,"minecraft:ancient_debris":32,"minecraft:oak_button":2,"minecraft:stonecutter":2,"minecraft:netherrack":16804,"minecraft:oak_leaves":147},"minecraft:killed_by":{"minecraft:evoker":1,"minecraft:zombie_villager":5,"minecraft:player":4,"minecraft:iron_golem":2,"minecraft:ravager":3,"minecraft:magma_cube":1,"minecraft:vindicator":11,"minecraft:zombie":1,"minecraft:vex":8},"minecraft:dropped":{"minecraft:bread":78,"minecraft:dark_oak_stairs":2,"minecraft:wheat_seeds":5,"minecraft:lapis_lazuli":64,"minecraft:oak_log":55,"minecraft:baked_potato":75,"minecraft:poisonous_potato":1,"minecraft:apple":4,"minecraft:grass_block":278,"minecraft:red_mushroom":1,"minecraft:stick":2,"minecraft:lava_bucket":1,"minecraft:dirt":25,"minecraft:diorite":5,"minecraft:white_banner":5,"minecraft:string":9,"minecraft:bone":8,"minecraft:redstone":64,"minecraft:blackstone":28,"minecraft:golden_chestplate":1,"minecraft:cobbled_deepslate":68,"minecraft:rotten_flesh":12,"minecraft:diamond_shovel":1,"minecraft:diamond_sword":4,"minecraft:poppy":236,"minecraft:potato":212,"minecraft:gunpowder":5,"minecraft:diamond_pickaxe":2,"minecraft:diamond_boots":1,"minecraft:basalt":48,"minecraft:arrow":2,"minecraft:netherrack":2304}},"DataVersion":3953}