{"stats":{"minecraft:killed_by":{"minecraft:zombie_villager":3,"minecraft:player":3,"minecraft:iron_golem":1},"minecraft:used":{"minecraft:oak_trapdoor":4,"minecraft:water_bucket":65,"minecraft:birch_planks":122,"minecraft:baked_potato":68,"minecraft:oak_planks":9,"minecraft:birch_boat":1,"minecraft:iron_sword":22,"minecraft:diamond_axe":359,"minecraft:netherrack":28,"minecraft:iron_chestplate":2,"minecraft:brewing_stand":1,"minecraft:dirt":81,"minecraft:rail":136,"minecraft:crafting_table":1,"minecraft:oak_slab":52,"minecraft:crossbow":1,"minecraft:golden_chestplate":1,"minecraft:diamond_pickaxe":197,"minecraft:lava_bucket":31,"minecraft:diamond_shovel":43,"minecraft:grass_block":44,"minecraft:oak_button":1,"minecraft:lectern":20,"minecraft:iron_helmet":2,"minecraft:diamond_sword":137,"minecraft:bow":43,"minecraft:diamond_chestplate":1,"minecraft:cobblestone":74,"minecraft:oak_sapling":44,"minecraft:minecart":6,"minecraft:bucket":98,"minecraft:oak_boat":23,"minecraft:splash_potion":2},"minecraft:dropped":{"minecraft:oak_log":55,"minecraft:baked_potato":57,"minecraft:grass_block":278,"minecraft:lava_bucket":1,"minecraft:dirt":24},"minecraft:mined":{"minecraft:oak_slab":43,"minecraft:brewing_stand":1,"minecraft:short_grass":3,"minecraft:grass_block":16,"minecraft:lectern":18,"minecraft:glass":11,"minecraft:cobblestone":59,"minecraft:oak_planks":12,"minecraft:diorite":1,"minecraft:birch_planks":63,"minecraft:oak_trapdoor":1,"minecraft:cobbled_deepslate":1,"minecraft:birch_log":23,"minecraft:fire":1,"minecraft:oak_log":114,"minecraft:rail":93,"minecraft:dirt":33,"minecraft:stone":3,"minecraft:netherrack":29,"minecraft:oak_leaves":125},"minecraft:custom":{"minecraft:interact_with_smithing_table":2,"minecraft:interact_with_furnace":33,"minecraft:interact_with_anvil":1,"minecraft:mob_kills":34,"minecraft:interact_with_crafting_table":15,"minecraft:open_barrel":1,"minecraft:interact_with_grindstone":2,"minecraft:interact_with_stonecutter":1,"minecraft:leave_game":6,"minecraft:sleep_in_bed":4,"minecraft:time_since_death":33526,"minecraft:time_since_rest":19533,"minecraft:sprint_one_cm":540215,"minecraft:damage_taken":4750,"minecraft:walk_one_cm":635974,"minecraft:drop":72,"minecraft:minecart_one_cm":2,"minecraft:damage_dealt":8505,"minecraft:talked_to_villager":164,"minecraft:fly_one_cm":849814,"minecraft:player_kills":2,"minecraft:open_chest":164,"minecraft:crouch_one_cm":13519,"minecraft:play_time":189872,"minecraft:deaths":7,"minecraft:sneak_time":2497,"minecraft:walk_under_water_one_cm":529,"minecraft:boat_one_cm":167882,"minecraft:interact_with_brewingstand":5,"minecraft:jump":3361,"minecraft:walk_on_water_one_cm":40179,"minecraft:total_world_time":189872,"minecraft:fall_one_cm":36220},"minecraft:crafted":{"minecraft:glass_bottle":15,"minecraft:diamond_sword":1,"minecraft:diamond_axe":1,"minecraft:crafting_table":1,"minecraft:baked_potato":179,"minecraft:birch_boat":1,"minecraft:birch_slab":6,"minecraft:bookshelf":2,"minecraft:diamond_shovel":1,"minecraft:birch_planks":88,"minecraft:air":0,"minecraft:oak_boat":6,"minecraft:lectern":1,"minecraft:diamond_helmet":1,"minecraft:diamond_leggings":1,"minecraft:diamond_pickaxe":1,"minecraft:golden_apple":1,"minecraft:diamond_boots":1,"minecraft:oak_button":1,"minecraft:netherite_ingot":1,"minecraft:netherite_scrap":5,"minecraft:diamond_chestplate":1},"minecraft:killed":{"minecraft:cat":1,"minecraft:spider":4,"minecraft:iron_golem":2,"minecraft:creeper":3,"minecraft:skeleton":12,"minecraft:zombie":11},"minecraft:picked_up":{"minecraft:birch_log":22,"minecraft:iron_chestplate":4,"minecraft:water_bucket":4,"minecraft:golden_leggings":2,"minecraft:diamond_sword":4,"minecraft:potato":128,"minecraft:birch_planks":254,"minecraft:oak_log":153,"minecraft:brewing_stand":1,"minecraft:shield":3,"minecraft:gunpowder":5,"minecraft:oak_trapdoor":8,"minecraft:dirt":81,"minecraft:string":3,"minecraft:bone":9,"minecraft:apple":11,"minecraft:bow":3,"minecraft:diamond_leggings":4,"minecraft:cobbled_deepslate":1,"minecraft:bucket":3,"minecraft:iron_ingot":52,"minecraft:oak_boat":29,"minecraft:lectern":18,"minecraft:diamond_helmet":3,"minecraft:poppy":9,"minecraft:iron_pickaxe":1,"minecraft:glass_bottle":12,"minecraft:minecart":5,"minecraft:oak_planks":13,"minecraft:iron_sword":4,"minecraft:tipped_arrow":20,"minecraft:oak_slab":69,"minecraft:stick":166,"minecraft:birch_boat":1,"minecraft:poisonous_potato":4,"minecraft:lava_bucket":2,"minecraft:diorite":1,"minecraft:grass_block":322,"minecraft:golden_chestplate":2,"minecraft:diamond_shovel":4,"minecraft:arrow":9,"minecraft:rotten_flesh":16,"minecraft:diamond_chestplate":4,"minecraft:diamond":63,"minecraft:diamond_boots":4,"minecraft:iron_helmet":4,"minecraft:crossbow":4,"minecraft:diamond_axe":4,"minecraft:golden_apple":2,"minecraft:gold_ingot":30,"minecraft:baked_potato":155,"minecraft:oak_sapling":53,"minecraft:netherrack":68,"minecraft:coal":117,"minecraft:rail":218,"minecraft:blaze_powder":3,"minecraft:cobblestone":92,"minecraft:diamond_pickaxe":4}},"DataVersion":3953}